Sr No,Date,Bill Number,Vendor,GSTIN,Document ID,Document Type,Taxable Purchase,Discount,Adjustment / Round-off,Landed Cost,Net Purchase Cost,IGST,CGST,SGST,Cess,RCM,Source
1,"2025-04-01","1","MEHSANA STEEL CENTRE","24AACFM3859P1ZS","3166667000008668210","PURCHASE BILL",117130,0,-0.4,0,117129.6,0,10541.7,10541.7,0,"NO","Local Detailed Cache"
2,"2025-04-01","MMEI/25-26/01","MM Engineering Industries Private Limited","24AALCM1692G1ZD","3166667000008704039","PURCHASE BILL",318825,0,0.5,0,318825.5,0,28694.25,28694.25,0,"NO","Local Detailed Cache"
3,"2025-04-01","P/0001/25-26","POWER LINE","24AAJPC1759K1ZP","3166667000008809065","PURCHASE BILL",292120,0,0.4,0,292120.4,0,26290.8,26290.8,0,"NO","Local Detailed Cache"
4,"2025-04-02","T0010/25-26","POWER-GRID SWITCHGEARS PRIVATE LIMITED","24AAACP6766D1ZI","3166667000008736364","PURCHASE BILL",4800,0,0,0,4800,0,432,432,0,"NO","Local Detailed Cache"
5,"2025-04-02","ISL00-0252600228","TIRUPATI SALES CORPORATION","24AACFT7333F1ZD","3166667000008860047","PURCHASE BILL",12800,0,0,0,12800,0,1152,1152,0,"NO","Local Detailed Cache"
6,"2025-04-02","2561109","SURAT AHMEDABAD TRANSPORT PVT LTD","24AADCS3054Q1Z2","3166667000009200085","PURCHASE BILL",140,0,0,0,140,0,0,0,0,"YES","Local Detailed Cache"
7,"2025-04-03","25-26/158","DEEPDEAL ELECTRICALS PRIVATE LIMITED","24AAGCD5792B1ZS","3166667000008763477","PURCHASE BILL",29429.5,0,0.18,0,29429.68,0,2648.66,2648.66,0,"NO","Local Detailed Cache"
8,"2025-04-03","0001","Gohel Meet Dharmendrakumar","","3166667000009082662","PURCHASE BILL",5000,0,0,0,5000,0,0,0,0,"NO","Local Detailed Cache"
9,"2025-04-03","T-21/25-26","URMI ELECTRICALS","24AIYPV0796Q1ZV","3166667000009166357","PURCHASE BILL",6181,0,0,0,6181,0,556.29,556.29,0,"NO","Local Detailed Cache"
10,"2025-04-03","T-14/25-26","URMI ELECTRICALS","24AIYPV0796Q1ZV","3166667000009200167","PURCHASE BILL",6082.5,0,-0.36,0,6082.14,0,547.43,547.43,0,"NO","Local Detailed Cache"
11,"2025-04-03","02/25-26","WEST-COAST RENTALS","24AABFW6467A1ZC","3166667000008704072","PURCHASE BILL",14000,0,0,0,14000,0,1260,1260,0,"NO","Local Detailed Cache"
12,"2025-04-04","19/25-26","SHRINATHJI METAL CORPORATION","24AHXPS2830E1Z4","3166667000008764055","PURCHASE BILL",5233.8,0,0.12,0,5233.92,0,471.04,471.04,0,"NO","Local Detailed Cache"
13,"2025-04-04","25/25-26","SHRINATHJI METAL CORPORATION","24AHXPS2830E1Z4","3166667000008764123","PURCHASE BILL",190846,0,-0.28,0,190845.72,0,17176.14,17176.14,0,"NO","Local Detailed Cache"
14,"2025-04-04","25025110","SURAT AHMEDABAD TRANSPORT PVT LTD","24AADCS3054Q1Z2","3166667000009200042","PURCHASE BILL",30,0,0,0,30,0,0,0,0,"YES","Local Detailed Cache"
15,"2025-04-05","NCB2609683695362","HDFC Bank Ltd","24AAACH2702H1Z6","3166667000009193378","PURCHASE BILL",12469,0,0,0,12469,0,1122.21,1122.21,0,"NO","Local Detailed Cache"
16,"2025-04-05","T-84/25-26","URMI ELECTRICALS","24AIYPV0796Q1ZV","3166667000009200335","PURCHASE BILL",2742.48,0,-0.12,0,2742.36,0,246.82,246.82,0,"NO","Local Detailed Cache"
17,"2025-04-06","RIS/25-26/024","Raja Industrial Stationery","24BZJPP5136M2ZW","3166667000008898041","PURCHASE BILL",720,0,0.4,0,720.4,0,64.8,64.8,0,"NO","Local Detailed Cache"
18,"2025-04-07","RT/25-26/04","ROUTE TECHNOLOGIES","24AAXFR6788B1ZL","3166667000009029323","PURCHASE BILL",362515,0,0,0,362515,0,32626.35,32626.35,0,"NO","Local Detailed Cache"
19,"2025-04-08","214/25-26","Zaral Electricals","24ACEPM6740R1Z3","3166667000008841229","PURCHASE BILL",6180,0,-0.4,0,6179.6,0,556.2,556.2,0,"NO","Local Detailed Cache"
20,"2025-04-09","AKT/WL362","YUGADHARMA TRADERS","24ABFPC1178F1Z5","3166667000008763553","PURCHASE BILL",1915.24,0,0,0,1915.24,0,157.88,157.88,0,"NO","Local Detailed Cache"
21,"2025-04-10","25-26/TI/17","Maa Computer","24AKTPC8228P1ZI","3166667000008841304","PURCHASE BILL",1949.16,0,0,0,1949.16,0,175.42,175.42,0,"NO","Local Detailed Cache"
22,"2025-04-10","25-26/359","DEEPDEAL ELECTRICALS PRIVATE LIMITED","24AAGCD5792B1ZS","3166667000008917087","PURCHASE BILL",98816,0,0.12,0,98816.12,0,8893.44,8893.44,0,"NO","Local Detailed Cache"
23,"2025-04-10","25-26/332","DEEPDEAL ELECTRICALS PRIVATE LIMITED","24AAGCD5792B1ZS","3166667000008917493","PURCHASE BILL",14976,0,0.32,0,14976.32,0,1347.84,1347.84,0,"NO","Local Detailed Cache"
24,"2025-04-11","91","CHAMUNDA HARDWARE AND TRADERS","24ALJPP8970A1ZZ","3166667000009098334","PURCHASE BILL",13903,0,0.46,0,13903.46,0,947.27,947.27,0,"NO","Local Detailed Cache"
25,"2025-04-11","T-158/25-26","URMI ELECTRICALS","24AIYPV0796Q1ZV","3166667000009200432","PURCHASE BILL",1457.5,0,0.14,0,1457.64,0,131.18,131.18,0,"NO","Local Detailed Cache"
26,"2025-04-11","93","Electro Sales Corporation","24AOOPP7070F1ZP","3166667000008841443","PURCHASE BILL",2351.25,0,-0.47,0,2350.78,0,211.61,211.61,0,"NO","Local Detailed Cache"
27,"2025-04-11","RIS/25-26/056","Raja Industrial Stationery","24BZJPP5136M2ZW","3166667000009009155","PURCHASE BILL",965,0,0.3,0,965.3,0,86.85,86.85,0,"NO","Local Detailed Cache"
28,"2025-04-14","10","P M EARTH MOVERS","24ATVPT4970C1Z7","3166667000008812071","PURCHASE BILL",5000,0,0,0,5000,0,450,450,0,"NO","Local Detailed Cache"
29,"2025-04-14","82/25-26","HI TECH STEEL AND TUBES","24AAMPP0082D1ZY","3166667000008841154","PURCHASE BILL",15429.82,0,-0.18,0,15429.64,0,1388.68,1388.68,0,"NO","Local Detailed Cache"
30,"2025-04-15","G/0025","FABIRON ENGINEERS PVT LTD","24AABCF3883G1ZP","3166667000008841045","PURCHASE BILL",163500,0,0,0,163500,0,14715,14715,0,"NO","Local Detailed Cache"
31,"2025-04-15","244","Samarth & Champion Associates","24AEPFS5351B1Z3","3166667000008841345","PURCHASE BILL",560,0,0,0,560,0,50.4,50.4,0,"NO","Local Detailed Cache"
32,"2025-04-15","018","GOPI G. THORIYA","","3166667000008869003","PURCHASE BILL",3000,0,0,0,3000,0,0,0,0,"NO","Local Detailed Cache"
33,"2025-04-15","SS-131","SHIVAM SALES","24AFKPN1669K1Z2","3166667000009323760","PURCHASE BILL",1067.8,0,0,0,1067.8,0,96.1,96.1,0,"NO","Local Detailed Cache"
34,"2025-04-16","LP/25-26/005","LEIKTRO PRIVATE LIMITED","24AAFCL5026R1Z5","3166667000008770545","PURCHASE BILL",5500,0,0,0,5500,0,495,495,0,"NO","Local Detailed Cache"
35,"2025-04-16","14","HATHIYARI AUTOMATION","24AFHPH7808F1ZL","3166667000008841388","PURCHASE BILL",130024,0,-0.32,0,130023.68,0,11702.16,11702.16,0,"NO","Local Detailed Cache"
36,"2025-04-16","74","JATINKUMAR JOSHI","","3166667000008869056","PURCHASE BILL",2700,0,0,0,2700,0,0,0,0,"NO","Local Detailed Cache"
37,"2025-04-17","25-26/517","DEEPDEAL ELECTRICALS PRIVATE LIMITED","24AAGCD5792B1ZS","3166667000008917160","PURCHASE BILL",169912,0,-0.16,0,169911.84,0,15292.08,15292.08,0,"NO","Local Detailed Cache"
38,"2025-04-17","T-214/25-26","URMI ELECTRICALS","24AIYPV0796Q1ZV","3166667000009200479","PURCHASE BILL",17878,0,-0.04,0,17877.96,0,1609.02,1609.02,0,"NO","Local Detailed Cache"
39,"2025-04-19","NE000190/BRD","SHREE NM ELECTRICALS LTD.","24AADCS6037P1ZZ","3166667000008880103","PURCHASE BILL",47520,0,0,0,47520,0,4276.8,4276.8,0,"NO","Local Detailed Cache"
40,"2025-04-19","P/0163/25-26","POWER LINE","24AAJPC1759K1ZP","3166667000009009270","PURCHASE BILL",66000,0,0,0,66000,0,5940,5940,0,"NO","Local Detailed Cache"
41,"2025-04-19","566/25-26","Zaral Electricals","24ACEPM6740R1Z3","3166667000009009437","PURCHASE BILL",12100,0,0,0,12100,0,1089,1089,0,"NO","Local Detailed Cache"
42,"2025-04-21","1816","Zeel Information System","","3166667000009144153","PURCHASE BILL",10000,0,0,0,10000,0,0,0,0,"NO","Local Detailed Cache"
43,"2025-04-21","PPI2611135606657","HDFC BANK LIMITED - MAHARASTRA","27AAACH2702H5ZW","3166667000009144110","PURCHASE BILL",3600,0,0,0,3600,648,0,0,0,"NO","Local Detailed Cache"
44,"2025-04-22","GST004","AHURA GAS ENTERPRISES P LTD.","24AABCA5855D1Z0","3166667000008917408","PURCHASE BILL",49500,0,0,0,49500,0,4455,4455,0,"NO","Local Detailed Cache"
45,"2025-04-22","RIS/25-26/106","Raja Industrial Stationery","24BZJPP5136M2ZW","3166667000009009001","PURCHASE BILL",4172.2,0,-0.2,0,4172,0,375.5,375.5,0,"NO","Local Detailed Cache"
46,"2025-04-25","G/00243","Ganesh Trading Co.","24AIMPC9827F1Z7","3166667000009193210","PURCHASE BILL",247.5,0,-0.06,0,247.44,0,22.28,22.28,0,"NO","Local Detailed Cache"
47,"2025-04-26","0001","Jigneshbhai Bhupendrabhai Patel","","3166667000008956773","PURCHASE BILL",7000,0,0,0,7000,0,0,0,0,"NO","Local Detailed Cache"
48,"2025-04-28","SIL/M/HA2/54","PHONEWALE LIMITED","24AAMCP5615M1Z1","3166667000008980286","PURCHASE BILL",8897.46,0,0,0,8897.46,0,800.77,800.77,0,"NO","Local Detailed Cache"
49,"2025-04-28","T-325/25-26","URMI ELECTRICALS","24AIYPV0796Q1ZV","3166667000009025598","PURCHASE BILL",162603.92,0,0.38,0,162604.30000000002,0,14634.35,14634.35,0,"NO","Local Detailed Cache"
50,"2025-04-28","NCB2611947271651","HDFC Bank Ltd","24AAACH2702H1Z6","3166667000009193421","PURCHASE BILL",619.76,0,0,0,619.76,0,55.78,55.78,0,"NO","Local Detailed Cache"
51,"2025-04-29","NS-25-26-4-029","Nilayam System & Services Private Limited","24AAFCN6845G1ZD","3166667000009009701","PURCHASE BILL",611000,0,-0.02,0,610999.98,0,54990.01,54990.01,0,"NO","Local Detailed Cache"
52,"2025-04-30","P/0280/25-26","POWER LINE","24AAJPC1759K1ZP","3166667000009009507","PURCHASE BILL",21250,0,0,0,21250,0,1912.5,1912.5,0,"NO","Local Detailed Cache"
53,"2025-04-30","DG010","DREAM DIGITECH","24ATDPM9034C1ZZ","3166667000009009628","PURCHASE BILL",1500,0,0,0,1500,0,135,135,0,"NO","Local Detailed Cache"
54,"2025-04-30","2025/26/001","MR .ATIT KIRITBHAI SHAH","","3166667000009082471","PURCHASE BILL",44500,0,0,0,44500,0,0,0,0,"NO","Local Detailed Cache"
55,"2025-04-30","NDE/505/2025-26","NAVDURGA ENTERPRISE","24EUBPB8637R1Z4","3166667000009323621","PURCHASE BILL",865.43,0,-0.21,0,865.2199999999999,0,77.89,77.89,0,"NO","Local Detailed Cache"
56,"2025-04-30","GST/2025-26/103","NEXUS ENGINEERING","24ATWPP7282L1ZO","3166667000009416421","PURCHASE BILL",129188,0,0.16,0,129188.16,0,11626.92,11626.92,0,"NO","Local Detailed Cache"
57,"2025-05-01","0058","BHAGWATI ENTERPRISES","24ABMPD9785A1ZM","3166667000009041049","PURCHASE BILL",1750,0,0,0,1750,0,157.5,157.5,0,"NO","Local Detailed Cache"
58,"2025-05-02","122/25-26","SHRINATHJI METAL CORPORATION","24AHXPS2830E1Z4","3166667000009400233","PURCHASE BILL",199419,0,-0.42,0,199418.58,0,17947.71,17947.71,0,"NO","Local Detailed Cache"
59,"2025-05-02","GST/2025-26/111","NEXUS ENGINEERING","24ATWPP7282L1ZO","3166667000009416538","PURCHASE BILL",167968,0,-0.24,0,167967.76,0,15117.12,15117.12,0,"NO","Local Detailed Cache"
60,"2025-05-02","68/25-26","SANKHARI ENTERPRISES","24BCMPS3820H1ZI","3166667000009423001","PURCHASE BILL",192949,0,5.99,0,192954.99,0,17365.95,17365.95,0,"NO","Local Detailed Cache"
61,"2025-05-03","RBR26C000938","PARAM WHEELS LLP","24ABCFP5276C1ZF","3166667000009599990","PURCHASE BILL",8015.01,0,-0.39,0,8014.62,0,724.6899999999999,724.6899999999999,0,"NO","Local Detailed Cache"
62,"2025-05-03","0002","Gohel Meet Dharmendrakumar","","3166667000009082703","PURCHASE BILL",5000,0,0,0,5000,0,0,0,0,"NO","Local Detailed Cache"
63,"2025-05-03","SS-318","SHIVAM SALES","24AFKPN1669K1Z2","3166667000009323964","PURCHASE BILL",1067.8,0,0,0,1067.8,0,96.1,96.1,0,"NO","Local Detailed Cache"
64,"2025-05-03","T-403/25-26","URMI ELECTRICALS","24AIYPV0796Q1ZV","3166667000009387524","PURCHASE BILL",3000,0,0,0,3000,0,270,270,0,"NO","Local Detailed Cache"
65,"2025-05-03","229","CHAMUNDA HARDWARE AND TRADERS","24ALJPP8970A1ZZ","3166667000009599725","PURCHASE BILL",6963,0,-0.34,0,6962.66,0,587.67,587.67,0,"NO","Local Detailed Cache"
66,"2025-05-05","25-26/970","DEEPDEAL ELECTRICALS PRIVATE LIMITED","24AAGCD5792B1ZS","3166667000009098265","PURCHASE BILL",7431.76,0,-0.48,0,7431.280000000001,0,668.86,668.86,0,"NO","Local Detailed Cache"
67,"2025-05-06","EE/25-26/026","EMERSION ENTERPRISE","24AQWPP3105H1ZP","3166667000009144303","PURCHASE BILL",35000,0,0,0,35000,0,3150,3150,0,"NO","Local Detailed Cache"
68,"2025-05-06","PPI2613778909326","HDFC BANK LIMITED - MAHARASTRA","27AAACH2702H5ZW","3166667000009599301","PURCHASE BILL",21,0,0,0,21,3.78,0,0,0,"NO","Local Detailed Cache"
69,"2025-05-07","25-26/1022","DEEPDEAL ELECTRICALS PRIVATE LIMITED","24AAGCD5792B1ZS","3166667000009356098","PURCHASE BILL",313671.76,0,0.32,0,313672.08,0,28230.46,28230.46,0,"NO","Local Detailed Cache"
70,"2025-05-07","25-26/1026","DEEPDEAL ELECTRICALS PRIVATE LIMITED","24AAGCD5792B1ZS","3166667000009356453","PURCHASE BILL",337162,0,-0.16,0,337161.84,0,30344.58,30344.58,0,"NO","Local Detailed Cache"
71,"2025-05-08","73","MEHSANA STEEL CENTRE","24AACFM3859P1ZS","3166667000009144405","PURCHASE BILL",126445.8,0,-0.04,0,126445.76000000001,0,11380.12,11380.12,0,"NO","Local Detailed Cache"
72,"2025-05-08","MMEI/25-26/44","MM Engineering Industries Private Limited","24AALCM1692G1ZD","3166667000009312157","PURCHASE BILL",28845,0,-0.1,0,28844.9,0,2596.05,2596.05,0,"NO","Local Detailed Cache"
73,"2025-05-08","ISL-000110","TECHNO SALES AGENCY","24AALFT7843H1ZT","3166667000009359001","PURCHASE BILL",43917.4,0,0.46,0,43917.86,0,3952.57,3952.57,0,"NO","Local Detailed Cache"
74,"2025-05-09","AI/I/25-26/0409","ACTION INSTRUMENTATION LLP","24ACGFA7854G1ZC","3166667000009599890","PURCHASE BILL",1200,0,0,0,1200,0,108,108,0,"NO","Local Detailed Cache"
75,"2025-05-09","007A/25-26","Mithilesh Kumar Patel","","3166667000009144632","PURCHASE BILL",39681.25,0,0,0,39681.25,0,0,0,0,"NO","Local Detailed Cache"
76,"2025-05-09","SPPL25-26/727","SHREE LIGHT POWER PVT LTD","24AAPCS4105G1ZH","3166667000009158010","PURCHASE BILL",24000,0,0,0,24000,0,2160,2160,0,"NO","Local Detailed Cache"
77,"2025-05-09","006A/25-26","Mithilesh Kumar Patel","","3166667000009166083","PURCHASE BILL",12314.2,0,0,0,12314.2,0,0,0,0,"NO","Local Detailed Cache"
78,"2025-05-09","005A/25-26","Mithilesh Kumar Patel","","3166667000009166147","PURCHASE BILL",59071.1,0,0,0,59071.1,0,0,0,0,"NO","Local Detailed Cache"
79,"2025-05-09","004A/25-26","Mithilesh Kumar Patel","","3166667000009166286","PURCHASE BILL",413353.84,0,0,0,413353.84,0,0,0,0,"NO","Local Detailed Cache"
80,"2025-05-09","T-479/25-26","URMI ELECTRICALS","24AIYPV0796Q1ZV","3166667000009387433","PURCHASE BILL",20550,0,0,0,20550,0,1849.5,1849.5,0,"NO","Local Detailed Cache"
81,"2025-05-10","1339","SHIV SUPPLY COMPANY","24AEDPG1014M1ZZ","3166667000009144192","PURCHASE BILL",1846,0,-0.28,0,1845.72,0,166.14,166.14,0,"NO","Local Detailed Cache"
82,"2025-05-10","SE-03A/25-26","SHAKTI ENTERPRISE","","3166667000009144476","PURCHASE BILL",183017.62,0,0,0,183017.62,0,0,0,0,"NO","Local Detailed Cache"
83,"2025-05-10","SE-05A/25-26","SHAKTI ENTERPRISE","","3166667000009144521","PURCHASE BILL",2041.07,0,0,0,2041.07,0,0,0,0,"NO","Local Detailed Cache"
84,"2025-05-10","SE-04A/25-26","SHAKTI ENTERPRISE","","3166667000009144587","PURCHASE BILL",71568.75,0,0,0,71568.75,0,0,0,0,"NO","Local Detailed Cache"
85,"2025-05-10","634","Samarth & Champion Associates","24AEPFS5351B1Z3","3166667000009359586","PURCHASE BILL",2200,0,0,0,2200,0,198,198,0,"NO","Local Detailed Cache"
86,"2025-05-12","ISL-000120","TECHNO SALES AGENCY","24AALFT7843H1ZT","3166667000009359499","PURCHASE BILL",44082.55,0,-0.41,0,44082.14,0,3967.43,3967.43,0,"NO","Local Detailed Cache"
87,"2025-05-12","T-510/25-26","URMI ELECTRICALS","24AIYPV0796Q1ZV","3166667000009387353","PURCHASE BILL",402.4,0,0.16,0,402.56,0,36.22,36.22,0,"NO","Local Detailed Cache"
88,"2025-05-13","RIS/25-26/181","Raja Industrial Stationery","24BZJPP5136M2ZW","3166667000009323376","PURCHASE BILL",4019.2,0,0.34,0,4019.54,0,342.23,342.23,0,"NO","Local Detailed Cache"
89,"2025-05-13","SPPL25-26/790","SHREE LIGHT POWER PVT LTD","24AAPCS4105G1ZH","3166667000009599410","PURCHASE BILL",61275,0,-0.5,0,61274.5,0,5514.75,5514.75,0,"NO","Local Detailed Cache"
90,"2025-05-13","160/25-26","SHRINATHJI METAL CORPORATION","24AHXPS2830E1Z4","3166667000009259380","PURCHASE BILL",94621,0,0.22,0,94621.22,0,8515.89,8515.89,0,"NO","Local Detailed Cache"
91,"2025-05-14","ME/618/2025-26","MANN ENGINEERS","24AAKHM5573J1ZT","3166667000009200288","PURCHASE BILL",7650,0,0,0,7650,0,459,459,0,"NO","Local Detailed Cache"
92,"2025-05-15","RIS/25-26/186","Raja Industrial Stationery","24BZJPP5136M2ZW","3166667000009323278","PURCHASE BILL",4100,0,0,0,4100,0,369,369,0,"NO","Local Detailed Cache"
93,"2025-05-15","1521","SHIV SUPPLY COMPANY","24AEDPG1014M1ZZ","3166667000009323856","PURCHASE BILL",2872,0,0.04,0,2872.04,0,258.48,258.48,0,"NO","Local Detailed Cache"
94,"2025-05-17","NDE/754/2025-26","NAVDURGA ENTERPRISE","24EUBPB8637R1Z4","3166667000009323029","PURCHASE BILL",2960,0,0.2,0,2960.2,0,266.4,266.4,0,"NO","Local Detailed Cache"
95,"2025-05-17","001A/25-26","Parmar Kamleshbhai  Dahyabhai","","3166667000009334915","PURCHASE BILL",175990.1,0,0,0,175990.1,0,0,0,0,"NO","Local Detailed Cache"
96,"2025-05-17","ME/683/2025-26","MANN ENGINEERS","24AAKHM5573J1ZT","3166667000009334983","PURCHASE BILL",5352,0,0.04,0,5352.04,0,480.47999999999996,480.47999999999996,0,"NO","Local Detailed Cache"
97,"2025-05-18","25-26/0003","R.K. CRANE","24HYPPK5741A1ZE","3166667000009356053","PURCHASE BILL",40000,0,0,0,40000,0,3600,3600,0,"NO","Local Detailed Cache"
98,"2025-05-19","363","Electro Sales Corporation","24AOOPP7070F1ZP","3166667000009258680","PURCHASE BILL",3561.41,0,-0.45,0,3560.96,0,320.52,320.52,0,"NO","Local Detailed Cache"
99,"2025-05-19","ME/02061/25-26","MAHENDRA ELECTRICALS","24ACRPG8660K1Z3","3166667000009259001","PURCHASE BILL",15000,0,0,0,15000,0,1350,1350,0,"NO","Local Detailed Cache"
100,"2025-05-19","25-26/1403","DEEPDEAL ELECTRICALS PRIVATE LIMITED","24AAGCD5792B1ZS","3166667000009259065","PURCHASE BILL",2250,0,0,0,2250,0,202.5,202.5,0,"NO","Local Detailed Cache"
101,"2025-05-20","26/25-26","WEST-COAST RENTALS","24AABFW6467A1ZC","3166667000009331110","PURCHASE BILL",19000,0,0,0,19000,0,1710,1710,0,"NO","Local Detailed Cache"
102,"2025-05-21","BSE/25-26/01237","B.S. ELECTRICALS","24AADFB4899D2ZG","3166667000009238040","PURCHASE BILL",53705.5,0,0.5,0,53706,0,4833.5,4833.5,0,"NO","Local Detailed Cache"
103,"2025-05-21","016","Sai Electrical Services","24BTUPM8377E1Z1","3166667000009331059","PURCHASE BILL",30000,0,0,0,30000,0,2700,2700,0,"NO","Local Detailed Cache"
104,"2025-05-23","507","POWERTECH SOLUTION","24BZZPK4786J1ZE","3166667000009310978","PURCHASE BILL",58000,0,0,0,58000,0,8120,8120,0,"NO","Local Detailed Cache"
105,"2025-05-23","NDE/868/2025-26","NAVDURGA ENTERPRISE","24EUBPB8637R1Z4","3166667000009323139","PURCHASE BILL",1170,0,0.4,0,1170.4,0,105.3,105.3,0,"NO","Local Detailed Cache"
106,"2025-05-24","EES/25-26/12","EVERGREEN ELECTRICAL SERVICES","24GHTPP9763H1ZD","3166667000009310911","PURCHASE BILL",89600,0,0,0,89600,0,8064,8064,0,"NO","Local Detailed Cache"
107,"2025-05-24","EES/25-26/11","EVERGREEN ELECTRICAL SERVICES","24GHTPP9763H1ZD","3166667000009334762","PURCHASE BILL",56000,0,0,0,56000,0,5040,5040,0,"NO","Local Detailed Cache"
108,"2025-05-25","T-622/25-26","URMI ELECTRICALS","24AIYPV0796Q1ZV","3166667000009387569","PURCHASE BILL",560,0,0.2,0,560.2,0,50.4,50.4,0,"NO","Local Detailed Cache"
109,"2025-05-26","85","JATINKUMAR JOSHI","","3166667000009356207","PURCHASE BILL",7700,0,0,0,7700,0,0,0,0,"NO","Local Detailed Cache"
110,"2025-05-27","SLRSI4415298","INFINITI RETAIL LIMITED","24AACCV1726H1ZK","3166667000009599796","PURCHASE BILL",829.66,0,0,0,829.66,0,74.67,74.67,0,"NO","Local Detailed Cache"
111,"2025-05-27","SLRSI4415299","INFINITI RETAIL LIMITED","24AACCV1726H1ZK","3166667000009599835","PURCHASE BILL",8042.8,0,0,0,8042.8,0,723.85,723.85,0,"NO","Local Detailed Cache"
112,"2025-05-29","AA2450001215","SCHNEIDER ELECTRIC INDIA PVT.LTD. - GJ","24AABCS1624G1ZT","3166667000009374138","PURCHASE BILL",162091.84,0,0,0,162091.84,0,14588.27,14588.27,0,"NO","Local Detailed Cache"
113,"2025-05-29","25-26/294","SUBODHAN ENGINEERS PUNE PVT LTD","27AACCS3640K1Z9","3166667000009407162","PURCHASE BILL",8000,0,0,0,8000,1440,0,0,0,"NO","Local Detailed Cache"
114,"2025-05-29","PPI2615433490436","HDFC BANK LIMITED - MAHARASTRA","27AAACH2702H5ZW","3166667000009599336","PURCHASE BILL",10,0,0,0,10,1.8,0,0,0,"NO","Local Detailed Cache"
115,"2025-05-30","PPI2615433491202","HDFC BANK LIMITED - MAHARASTRA","27AAACH2702H5ZW","3166667000009599373","PURCHASE BILL",10,0,0,0,10,1.8,0,0,0,"NO","Local Detailed Cache"
116,"2025-05-31","402/25-26","HI TECH STEEL AND TUBES","24AAMPP0082D1ZY","3166667000009374314","PURCHASE BILL",26700,0,0,0,26700,0,2403,2403,0,"NO","Local Detailed Cache"
117,"2025-05-31","2025/26/002","MR .ATIT KIRITBHAI SHAH","","3166667000009407001","PURCHASE BILL",44500,0,0,0,44500,0,0,0,0,"NO","Local Detailed Cache"
118,"2025-05-31","1","AKSHAR ELECTRICAL","24BPCPP9716G2ZQ","3166667000009599951","PURCHASE BILL",26030,0,0,0,26030,0,2342.7,2342.7,0,"NO","Local Detailed Cache"
119,"2025-06-02","1879/25-26","Zaral Electricals","24ACEPM6740R1Z3","3166667000009414241","PURCHASE BILL",19800,0,0,0,19800,0,1782,1782,0,"NO","Local Detailed Cache"
120,"2025-06-02","39/25-26","WEST-COAST RENTALS","24AABFW6467A1ZC","3166667000009529343","PURCHASE BILL",19000,0,0,0,19000,0,1710,1710,0,"NO","Local Detailed Cache"
121,"2025-06-03","P/0658/25-26","POWER LINE","24AAJPC1759K1ZP","3166667000009440018","PURCHASE BILL",198820,0,0.4,0,198820.4,0,17893.8,17893.8,0,"NO","Local Detailed Cache"
122,"2025-06-03","875118925900054","RELIANCE RETAIL LIMITED","24AABCR1718E1ZV","3166667000009654289","PURCHASE BILL",8980.5,0,0,0,8980.5,0,808.25,808.25,0,"NO","Local Detailed Cache"
123,"2025-06-03","IEPL/25-26/0076","IMPERIUM ENGINEERING PRIVATE LIMITED","24AAFCI9005F1ZU","3166667000009671133","PURCHASE BILL",253578,0,-0.04,0,253577.96,0,22822.02,22822.02,0,"NO","Local Detailed Cache"
124,"2025-06-03","E00825","ELECTROLITE SYSTEMS PVT LTD","24AABCE7945E1ZR","3166667000009671319","PURCHASE BILL",46615,0,0.3,0,46615.3,0,4195.35,4195.35,0,"NO","Local Detailed Cache"
125,"2025-06-03","0003","Gohel Meet Dharmendrakumar","","3166667000009857187","PURCHASE BILL",5000,0,0,0,5000,0,0,0,0,"NO","Local Detailed Cache"
126,"2025-06-03","RT/25-26/037","ROUTE TECHNOLOGIES","24AAXFR6788B1ZL","3166667000009423516","PURCHASE BILL",49200,0,0,0,49200,0,4428,4428,0,"NO","Local Detailed Cache"
127,"2025-06-04","E00850","ELECTROLITE SYSTEMS PVT LTD","24AABCE7945E1ZR","3166667000009422223","PURCHASE BILL",6002.5,0,-2.98,0,5999.52,0,540.24,540.24,0,"NO","Local Detailed Cache"
128,"2025-06-04","GST022","AHURA GAS ENTERPRISES P LTD.","24AABCA5855D1Z0","3166667000009463266","PURCHASE BILL",26565,0,0.3,0,26565.3,0,2390.85,2390.85,0,"NO","Local Detailed Cache"
129,"2025-06-04","G/00690","Ganesh Trading Co.","24AIMPC9827F1Z7","3166667000009529265","PURCHASE BILL",955,0,0.1,0,955.1,0,85.95,85.95,0,"NO","Local Detailed Cache"
130,"2025-06-04","INV3412000342","Manlift India Private Limited - Ahmedabad","24AAGCM7622M1Z7","3166667000009654557","PURCHASE BILL",5000,0,0,0,5000,0,450,450,0,"NO","Local Detailed Cache"
131,"2025-06-04","1242","VIKAS ELECTRIC & ENGINEERING CO","24AACFV3551F1ZF","3166667000009671398","PURCHASE BILL",725,0,-0.5,0,724.5,0,65.25,65.25,0,"NO","Local Detailed Cache"
132,"2025-06-04","SPPL25-26/1217","SHREE LIGHT POWER PVT LTD","24AAPCS4105G1ZH","3166667000009765001","PURCHASE BILL",129385.11,1306.92,-0.43,0,129384.68000000001,0,11644.66,11644.66,0,"NO","Local Detailed Cache"
133,"2025-06-04","256/25-26","SHRINATHJI METAL CORPORATION","24AHXPS2830E1Z4","3166667000009765370","PURCHASE BILL",46262.12,0,-0.3,0,46261.82,0,4163.59,4163.59,0,"NO","Local Detailed Cache"
134,"2025-06-04","257/25-26","SHRINATHJI METAL CORPORATION","24AHXPS2830E1Z4","3166667000009765435","PURCHASE BILL",42337.68,0,-0.46,0,42337.22,0,3810.39,3810.39,0,"NO","Local Detailed Cache"
135,"2025-06-05","13","TAXALT ENGINEERING AND CONSTRUCTION","24ALQPP8208G1ZT","3166667000009463001","PURCHASE BILL",628454.27,0,0,0,628454.27,0,56560.88,56560.88,0,"NO","Local Detailed Cache"
136,"2025-06-05","MMEI/25-26/74","MM Engineering Industries Private Limited","24AALCM1692G1ZD","3166667000009483020","PURCHASE BILL",60050,0,0,0,60050,0,5404.5,5404.5,0,"NO","Local Detailed Cache"
137,"2025-06-05","RIS/25-26/313","Raja Industrial Stationery","24BZJPP5136M2ZW","3166667000010027534","PURCHASE BILL",4715.2,0,0.06,0,4715.26,0,424.37,424.37,0,"NO","Local Detailed Cache"
138,"2025-06-05","3420007733","Manlift India Private Limited - Ahmedabad","24AAGCM7622M1Z7","3166667000010044211","PURCHASE BILL",25580.65,0,0,0,25580.65,0,2302.26,2302.26,0,"NO","Local Detailed Cache"
139,"2025-06-05","NDE/1093/2025-26","NAVDURGA ENTERPRISE","24EUBPB8637R1Z4","3166667000010050315","PURCHASE BILL",1694.2,0,-0.16,0,1694.04,0,152.48,152.48,0,"NO","Local Detailed Cache"
140,"2025-06-06","434","CHAMUNDA HARDWARE AND TRADERS","24ALJPP8970A1ZZ","3166667000009940553","PURCHASE BILL",5062.5,0,0.24,0,5062.74,0,455.63,455.63,0,"NO","Local Detailed Cache"
141,"2025-06-06","EES/25-26/13","EVERGREEN ELECTRICAL SERVICES","24GHTPP9763H1ZD","3166667000009940721","PURCHASE BILL",137145,0,-0.1,0,137144.9,0,12343.05,12343.05,0,"NO","Local Detailed Cache"
142,"2025-06-06","T-785/25-26","URMI ELECTRICALS","24AIYPV0796Q1ZV","3166667000009987834","PURCHASE BILL",9457.8,0,-0.2,0,9457.599999999999,0,851.2,851.2,0,"NO","Local Detailed Cache"
143,"2025-06-06","T-787/25-26","URMI ELECTRICALS","24AIYPV0796Q1ZV","3166667000010014621","PURCHASE BILL",5618.41,0,0.27,0,5618.68,0,505.66,505.66,0,"NO","Local Detailed Cache"
144,"2025-06-06","14","TAXALT ENGINEERING AND CONSTRUCTION","24ALQPP8208G1ZT","3166667000009462146","PURCHASE BILL",68273.77,0,0,0,68273.77,0,6144.64,6144.64,0,"NO","Local Detailed Cache"
145,"2025-06-06","IEPL/25-26/0079","IMPERIUM ENGINEERING PRIVATE LIMITED","24AAFCI9005F1ZU","3166667000009671511","PURCHASE BILL",7270,0,0.4,0,7270.4,0,654.3,654.3,0,"NO","Local Detailed Cache"
146,"2025-06-06","GST/2025-26/247","NEXUS ENGINEERING","24ATWPP7282L1ZO","3166667000009813288","PURCHASE BILL",36990,0,-0.2,0,36989.8,0,3329.1,3329.1,0,"NO","Local Detailed Cache"
147,"2025-06-07","T-800/25-26","URMI ELECTRICALS","24AIYPV0796Q1ZV","3166667000009987379","PURCHASE BILL",5787,0,0.34,0,5787.34,0,520.83,520.83,0,"NO","Local Detailed Cache"
148,"2025-06-08","6/BC/25003897","R B Cars Pvt Ltd","24AAECR0683F1ZK","3166667000010055522","PURCHASE BILL",5511.36,0,0.46,0,5511.82,0,515.59,515.59,0,"NO","Local Detailed Cache"
149,"2025-06-09","SE-6A/25-26","SHAKTI ENTERPRISE","","3166667000009546001","PURCHASE BILL",7267.15,0,0,0,7267.15,0,0,0,0,"NO","Local Detailed Cache"
150,"2025-06-09","008A/25-26","Mithilesh Kumar Patel","","3166667000009546046","PURCHASE BILL",98927.84,0,0,0,98927.84,0,0,0,0,"NO","Local Detailed Cache"
151,"2025-06-09","009A/25-26","Mithilesh Kumar Patel","","3166667000009546149","PURCHASE BILL",26295.61,0,0,0,26295.61,0,0,0,0,"NO","Local Detailed Cache"
152,"2025-06-09","T-823/25-26","URMI ELECTRICALS","24AIYPV0796Q1ZV","3166667000009979001","PURCHASE BILL",15153,0,0.46,0,15153.46,0,1363.77,1363.77,0,"NO","Local Detailed Cache"
153,"2025-06-10","25-26/TI/136","Maa Computer","24AKTPC8228P1ZI","3166667000009572045","PURCHASE BILL",211.87,0,-0.01,0,211.86,0,19.07,19.07,0,"NO","Local Detailed Cache"
154,"2025-06-10","AA2450001300","SCHNEIDER ELECTRIC INDIA PVT.LTD. - GJ","24AABCS1624G1ZT","3166667000009654412","PURCHASE BILL",1325740.96,0,0,0,1325740.96,0,119316.68,119316.68,0,"NO","Local Detailed Cache"
155,"2025-06-10","001","Shree Narayan Electricals","","3166667000010654223","PURCHASE BILL",3375,0,0,0,3375,0,0,0,0,"NO","Local Detailed Cache"
156,"2025-06-11","17","TAXALT ENGINEERING AND CONSTRUCTION","24ALQPP8208G1ZT","3166667000009529012","PURCHASE BILL",526656.97,0,0,0,526656.97,0,47399.13,47399.13,0,"NO","Local Detailed Cache"
157,"2025-06-11","G/00775","Ganesh Trading Co.","24AIMPC9827F1Z7","3166667000009664238","PURCHASE BILL",505,0,0.1,0,505.1,0,45.45,45.45,0,"NO","Local Detailed Cache"
158,"2025-06-11","P/0752/25-26","POWER LINE","24AAJPC1759K1ZP","3166667000009781145","PURCHASE BILL",199200,0,0,0,199200,0,17928,17928,0,"NO","Local Detailed Cache"
159,"2025-06-11","001","Pranav Ishwarbhai Patel - BKP","","3166667000010236001","PURCHASE BILL",400000,0,0,0,400000,0,0,0,0,"NO","Local Detailed Cache"
160,"2025-06-12","SS-735","SHIVAM SALES","24AFKPN1669K1Z2","3166667000010027210","PURCHASE BILL",2016.94,0,0.02,0,2016.96,0,181.52,181.52,0,"NO","Local Detailed Cache"
161,"2025-06-14","19","TAXALT ENGINEERING AND CONSTRUCTION","24ALQPP8208G1ZT","3166667000009566449","PURCHASE BILL",60493.08,0,0,0,60493.08,0,5444.38,5444.38,0,"NO","Local Detailed Cache"
162,"2025-06-14","18","TAXALT ENGINEERING AND CONSTRUCTION","24ALQPP8208G1ZT","3166667000009584102","PURCHASE BILL",61630.89,0,0,0,61630.89,0,5546.78,5546.78,0,"NO","Local Detailed Cache"
163,"2025-06-14","300/25-26","SHRINATHJI METAL CORPORATION","24AHXPS2830E1Z4","3166667000009765490","PURCHASE BILL",48910,0,0.2,0,48910.2,0,4401.9,4401.9,0,"NO","Local Detailed Cache"
164,"2025-06-14","151/25-26","SANKHARI ENTERPRISES","24BCMPS3820H1ZI","3166667000010027259","PURCHASE BILL",164950,0,0,0,164950,0,13480.5,13480.5,0,"NO","Local Detailed Cache"
165,"2025-06-16","OPR/25-26/245","NT INNOVATIONS PRIVATE LIMITED","24AAHCN0726A1Z3","3166667000009664014","PURCHASE BILL",76271.4,0,-0.26,0,76271.14,0,6864.43,6864.43,0,"NO","Local Detailed Cache"
166,"2025-06-16","T-906/25-26","URMI ELECTRICALS","24AIYPV0796Q1ZV","3166667000010014572","PURCHASE BILL",1104,0,0.28,0,1104.28,0,99.36,99.36,0,"NO","Local Detailed Cache"
167,"2025-06-17","25-26/2322","DEEPDEAL ELECTRICALS PRIVATE LIMITED","24AAGCD5792B1ZS","3166667000009637125","PURCHASE BILL",242616,0,0.12,0,242616.12,0,21835.44,21835.44,0,"NO","Local Detailed Cache"
168,"2025-06-17","21/1","TAXALT ENGINEERING AND CONSTRUCTION","24ALQPP8208G1ZT","3166667000009654639","PURCHASE BILL",73942.69,0,0,0,73942.69,0,6654.84,6654.84,0,"NO","Local Detailed Cache"
169,"2025-06-17","310/25-26","SHRINATHJI METAL CORPORATION","24AHXPS2830E1Z4","3166667000009820041","PURCHASE BILL",69020,0,0.4,0,69020.4,0,6211.8,6211.8,0,"NO","Local Detailed Cache"
170,"2025-06-18","25-26/2335","DEEPDEAL ELECTRICALS PRIVATE LIMITED","24AAGCD5792B1ZS","3166667000009637243","PURCHASE BILL",3726,0,0.32,0,3726.32,0,335.34,335.34,0,"NO","Local Detailed Cache"
171,"2025-06-18","0001","Patel MehulKumar Jayantibhai - BKP","","3166667000009841001","PURCHASE BILL",85000,0,0,0,85000,0,0,0,0,"NO","Local Detailed Cache"
172,"2025-06-18","T-938/25-26","URMI ELECTRICALS","24AIYPV0796Q1ZV","3166667000009987773","PURCHASE BILL",11642,0,0.44,0,11642.44,0,1047.78,1047.78,0,"NO","Local Detailed Cache"
173,"2025-06-18","T-939/25-26","URMI ELECTRICALS","24AIYPV0796Q1ZV","3166667000010014682","PURCHASE BILL",45887,0,0.34,0,45887.34,0,4129.83,4129.83,0,"NO","Local Detailed Cache"
174,"2025-06-19","1175","HOTEL ASHIRWAD","24AAHFH0031M1ZO","3166667000009671568","PURCHASE BILL",1075,0,0.24,0,1075.24,0,61.88,61.88,0,"NO","Local Detailed Cache"
175,"2025-06-20","326/25-26","SHRINATHJI METAL CORPORATION","24AHXPS2830E1Z4","3166667000009727377","PURCHASE BILL",212578.4,0,0.48,0,212578.88,0,19132.06,19132.06,0,"NO","Local Detailed Cache"
176,"2025-06-20","DG017","DREAM DIGITECH","24ATDPM9034C1ZZ","3166667000009764062","PURCHASE BILL",7750,0,0,0,7750,0,697.5,697.5,0,"NO","Local Detailed Cache"
177,"2025-06-20","RT/25-26/063","ROUTE TECHNOLOGIES","24AAXFR6788B1ZL","3166667000009819020","PURCHASE BILL",339620,0,0.4,0,339620.4,0,30565.8,30565.8,0,"NO","Local Detailed Cache"
178,"2025-06-21","P/0849/25-26","POWER LINE","24AAJPC1759K1ZP","3166667000009813015","PURCHASE BILL",124744,0,0.08,0,124744.08,0,11226.96,11226.96,0,"NO","Local Detailed Cache"
179,"2025-06-21","GST/2025-26/304","NEXUS ENGINEERING","24ATWPP7282L1ZO","3166667000010050568","PURCHASE BILL",1100,0,0,0,1100,0,99,99,0,"NO","Local Detailed Cache"
180,"2025-06-22","PPI2618191694809","HDFC BANK LIMITED - MAHARASTRA","27AAACH2702H5ZW","3166667000010027046","PURCHASE BILL",10,0,0,0,10,1.8,0,0,0,"NO","Local Detailed Cache"
181,"2025-06-23","SE-07A/25-26","SHAKTI ENTERPRISE","","3166667000009727584","PURCHASE BILL",19829.55,0,0,0,19829.55,0,0,0,0,"NO","Local Detailed Cache"
182,"2025-06-23","010A/25-26","Mithilesh Kumar Patel","","3166667000009727639","PURCHASE BILL",16027.6,0,0,0,16027.6,0,0,0,0,"NO","Local Detailed Cache"
183,"2025-06-23","T071","NS TRANSMISSION PVT LTD","24AADCN9281C1ZJ","3166667000009765265","PURCHASE BILL",89150,0,0,0,89150,0,8023.5,8023.5,0,"NO","Local Detailed Cache"
184,"2025-06-23","MMEI/25-26/97","MM Engineering Industries Private Limited","24AALCM1692G1ZD","3166667000009765545","PURCHASE BILL",27600,0,0,0,27600,0,2484,2484,0,"NO","Local Detailed Cache"
185,"2025-06-23","0002","Patel MehulKumar Jayantibhai - BKP","","3166667000009841038","PURCHASE BILL",85000,0,0,0,85000,0,0,0,0,"NO","Local Detailed Cache"
186,"2025-06-23","T-1006-A/25-26","URMI ELECTRICALS","24AIYPV0796Q1ZV","3166667000010014369","PURCHASE BILL",567.4,0,0.46,0,567.86,0,51.07,51.07,0,"NO","Local Detailed Cache"
187,"2025-06-23","AA2450001456","SCHNEIDER ELECTRIC INDIA PVT.LTD. - GJ","24AABCS1624G1ZT","3166667000009711135","PURCHASE BILL",58645.92,0,0,0,58645.92,0,5278.13,5278.13,0,"NO","Local Detailed Cache"
188,"2025-06-23","332/25-26","SHRINATHJI METAL CORPORATION","24AHXPS2830E1Z4","3166667000009727214","PURCHASE BILL",36595,0,-0.28,0,36594.72,0,3090.75,3090.75,0,"NO","Local Detailed Cache"
189,"2025-06-24","DWAG-26005620","R  R  KABEL LIMITED - GJ","24AABCR3352C1ZX","3166667000009707019","PURCHASE BILL",873638.01,0,-0.01,0,873638,0,78627.42,78627.42,0,"NO","Local Detailed Cache"
190,"2025-06-24","DSLV-26003635","R R KABEL LIMITED - DNH","26AABCR3352C1ZT","3166667000010027886","PURCHASE BILL",19928,0,0,0,19928,3587.04,0,0,0,"NO","Local Detailed Cache"
191,"2025-06-25","T-1020/25-26","URMI ELECTRICALS","24AIYPV0796Q1ZV","3166667000009987553","PURCHASE BILL",20800.02,0,-0.02,0,20800,0,1872,1872,0,"NO","Local Detailed Cache"
192,"2025-06-25","T-1018/25-26","URMI ELECTRICALS","24AIYPV0796Q1ZV","3166667000010009005","PURCHASE BILL",12333,0,0.06,0,12333.06,0,1109.97,1109.97,0,"NO","Local Detailed Cache"
193,"2025-06-26","22","TAXALT ENGINEERING AND CONSTRUCTION","24ALQPP8208G1ZT","3166667000009741037","PURCHASE BILL",64935.68,0,0,0,64935.68,0,5844.21,5844.21,0,"NO","Local Detailed Cache"
194,"2025-06-26","GST-0883/25-26","GOLDEN CABLE CORPORATION","24AALFG4879J1ZV","3166667000009765164","PURCHASE BILL",42536,0,-0.48,0,42535.52,0,3828.24,3828.24,0,"NO","Local Detailed Cache"
195,"2025-06-26","0003","Patel MehulKumar Jayantibhai - BKP","","3166667000009841075","PURCHASE BILL",85000,0,0,0,85000,0,0,0,0,"NO","Local Detailed Cache"
196,"2025-06-27","ME/03717/25-26","MAHENDRA ELECTRICALS","24ACRPG8660K1Z3","3166667000009881309","PURCHASE BILL",21175,0,0.5,0,21175.5,0,1905.75,1905.75,0,"NO","Local Detailed Cache"
197,"2025-06-28","NE000848/BRD","SHREE NM ELECTRICALS LTD.","24AADCS6037P1ZZ","3166667000009972294","PURCHASE BILL",16309.5,0,0,0,16309.5,0,1467.86,1467.86,0,"NO","Local Detailed Cache"
198,"2025-06-28","PPI2618191670985","HDFC BANK LIMITED - MAHARASTRA","27AAACH2702H5ZW","3166667000010027003","PURCHASE BILL",21,0,0,0,21,3.78,0,0,0,"NO","Local Detailed Cache"
199,"2025-06-30","0004","Patel MehulKumar Jayantibhai - BKP","","3166667000009841112","PURCHASE BILL",85000,0,0,0,85000,0,0,0,0,"NO","Local Detailed Cache"
200,"2025-06-30","2025/26/003","MR .ATIT KIRITBHAI SHAH","","3166667000009857650","PURCHASE BILL",44500,0,0,0,44500,0,0,0,0,"NO","Local Detailed Cache"
201,"2025-06-30","RIS/25-26/428","Raja Industrial Stationery","24BZJPP5136M2ZW","3166667000010027648","PURCHASE BILL",4479.8,0,-0.16,0,4479.64,0,403.18,403.18,0,"NO","Local Detailed Cache"
202,"2025-06-30","RIS/25-26/429","Raja Industrial Stationery","24BZJPP5136M2ZW","3166667000010027697","PURCHASE BILL",4150,0,0,0,4150,0,373.5,373.5,0,"NO","Local Detailed Cache"
203,"2025-06-30","601/25-26","HI TECH STEEL AND TUBES","24AAMPP0082D1ZY","3166667000010050111","PURCHASE BILL",3468.3,0,0.4,0,3468.7000000000003,0,312.15,312.15,0,"NO","Local Detailed Cache"
204,"2025-06-30","INVJUN25137783","SBICAP SECURITIES LIMITED","24AAJCS3407M1Z7","3166667000010050219","PURCHASE BILL",173.59,0,0.01,0,173.6,0,15.62,15.62,0,"NO","Local Detailed Cache"
205,"2025-07-01","RIS/25-26/442","Raja Industrial Stationery","24BZJPP5136M2ZW","3166667000010118392","PURCHASE BILL",4200,0,0,0,4200,0,378,378,0,"NO","Local Detailed Cache"
206,"2025-07-01","2501","Sai Electricals","24DZLPP7133J1ZY","3166667000010150037","PURCHASE BILL",45000,0,0,0,45000,0,4050,4050,0,"NO","Local Detailed Cache"
207,"2025-07-02","PDR/25-26/396","PDR ELECTRICALS","24DBMPP6309F1ZJ","3166667000009844093","PURCHASE BILL",17470,0,0.4,0,17470.4,0,1572.3,1572.3,0,"NO","Local Detailed Cache"
208,"2025-07-02","54/25-26","WEST-COAST RENTALS","24AABFW6467A1ZC","3166667000009972586","PURCHASE BILL",15000,0,0,0,15000,0,1350,1350,0,"NO","Local Detailed Cache"
209,"2025-07-02","T-1096/25-26","URMI ELECTRICALS","24AIYPV0796Q1ZV","3166667000009979153","PURCHASE BILL",67038.24,0,-0.12,0,67038.12000000001,0,6033.44,6033.44,0,"NO","Local Detailed Cache"
210,"2025-07-02","097/25-26","KESHAV NARAYAN ENTERPRISE","24AATFK8227A1ZC","3166667000010307432","PURCHASE BILL",328560,0,0.2,0,328560.2,0,29570.4,29570.4,0,"NO","Local Detailed Cache"
211,"2025-07-02","GST032","AHURA GAS ENTERPRISES P LTD.","24AABCA5855D1Z0","3166667000010426001","PURCHASE BILL",160000,0,0,0,160000,0,14400,14400,0,"NO","Local Detailed Cache"
212,"2025-07-02","T-1085/25-26","URMI ELECTRICALS","24AIYPV0796Q1ZV","3166667000010492001","PURCHASE BILL",4338,0,0.16,0,4338.16,0,390.42,390.42,0,"NO","Local Detailed Cache"
213,"2025-07-03","T-1124/25-26","URMI ELECTRICALS","24AIYPV0796Q1ZV","3166667000010492222","PURCHASE BILL",4786,0,-0.48,0,4785.52,0,430.74,430.74,0,"NO","Local Detailed Cache"
214,"2025-07-03","0004","Gohel Meet Dharmendrakumar","","3166667000009857224","PURCHASE BILL",5000,0,0,0,5000,0,0,0,0,"NO","Local Detailed Cache"
215,"2025-07-03","GST-0940/25-26","GOLDEN CABLE CORPORATION","24AALFG4879J1ZV","3166667000009872003","PURCHASE BILL",52096,0,-0.28,0,52095.72,0,4688.64,4688.64,0,"NO","Local Detailed Cache"
216,"2025-07-03","GST-0941/25-26","GOLDEN CABLE CORPORATION","24AALFG4879J1ZV","3166667000009972090","PURCHASE BILL",11890,0,-0.2,0,11889.8,0,1070.1,1070.1,0,"NO","Local Detailed Cache"
217,"2025-07-03","GST-0942/25-26","GOLDEN CABLE CORPORATION","24AALFG4879J1ZV","3166667000009972205","PURCHASE BILL",11890,0,-0.2,0,11889.8,0,1070.1,1070.1,0,"NO","Local Detailed Cache"
218,"2025-07-03","25-26/2879","DEEPDEAL ELECTRICALS PRIVATE LIMITED","24AAGCD5792B1ZS","3166667000010307613","PURCHASE BILL",291636.55,0,-0.13,0,291636.42,0,26247.29,26247.29,0,"NO","Local Detailed Cache"
219,"2025-07-04","26","TAXALT ENGINEERING AND CONSTRUCTION","24ALQPP8208G1ZT","3166667000009857517","PURCHASE BILL",35658.34,0,0.16,0,35658.5,0,3209.25,3209.25,0,"NO","Local Detailed Cache"
220,"2025-07-04","2501401","ACTIVE ENTERPRISE","24AAFFA7099E1ZG","3166667000009972359","PURCHASE BILL",574,0,-0.34,0,573.66,0,51.67,51.67,0,"NO","Local Detailed Cache"
221,"2025-07-04","2501396","ACTIVE ENTERPRISE","24AAFFA7099E1ZG","3166667000009972446","PURCHASE BILL",9500,0,0,0,9500,0,855,855,0,"NO","Local Detailed Cache"
222,"2025-07-04","3420008009","Manlift India Private Limited - Ahmedabad","24AAGCM7622M1Z7","3166667000010044151","PURCHASE BILL",65000,0,0,0,65000,0,5850,5850,0,"NO","Local Detailed Cache"
223,"2025-07-04","25-26/2915","DEEPDEAL ELECTRICALS PRIVATE LIMITED","24AAGCD5792B1ZS","3166667000010307793","PURCHASE BILL",36000,0,0,0,36000,0,3240,3240,0,"NO","Local Detailed Cache"
224,"2025-07-04","07/2025","MAITRI ELECTRICALS","","3166667000015678003","PURCHASE BILL",7000,0,0,0,7000,0,0,0,0,"NO","Local Detailed Cache"
225,"2025-07-05","ME/1463/2025-26","MANN ENGINEERS","24AAKHM5573J1ZT","3166667000009972537","PURCHASE BILL",2900,0,0,0,2900,0,174,174,0,"NO","Local Detailed Cache"
226,"2025-07-05","DL1252607BD22038","INTERGLOBE AVIATION LIMITED","07AABCI2726B1Z4","3166667000010566247","PURCHASE BILL",4277,0,0,0,4277,214,0,0,0,"NO","Local Detailed Cache"
227,"2025-07-05","GJ1252607AK59847","INTERGLOBE AVIATION LIMITED VADODARA","24AABCI2726B1Z8","3166667000010566561","PURCHASE BILL",6747,0,-0.3,0,6746.7,0,139.15,139.15,0,"NO","Local Detailed Cache"
228,"2025-07-06","T-1194/25-26","URMI ELECTRICALS","24AIYPV0796Q1ZV","3166667000010492328","PURCHASE BILL",4231.7,0,-0.4,0,4231.3,0,380.85,380.85,0,"NO","Local Detailed Cache"
229,"2025-07-07","25-26/0203","Raj Electricals","24AAHFR2079K1ZY","3166667000009909269","PURCHASE BILL",35500,0,0,0,35500,0,3195,3195,0,"NO","Local Detailed Cache"
230,"2025-07-07","037","Sai Electrical Services","24BTUPM8377E1Z1","3166667000010009107","PURCHASE BILL",50000,0,0,0,50000,0,4500,4500,0,"NO","Local Detailed Cache"
231,"2025-07-07","GST-0972/25-26","GOLDEN CABLE CORPORATION","24AALFG4879J1ZV","3166667000010014443","PURCHASE BILL",1800056.34,0,0.5,0,1800056.84,0,162005.08,162005.08,0,"NO","Local Detailed Cache"
232,"2025-07-07","T-1259/25-26","URMI ELECTRICALS","24AIYPV0796Q1ZV","3166667000010492390","PURCHASE BILL",2553,0,0.46,0,2553.46,0,229.77,229.77,0,"NO","Local Detailed Cache"
233,"2025-07-08","SPE/25-26/344","S. P. ENTERPRISE","24AQNPP8503E1ZS","3166667000009940621","PURCHASE BILL",116500,0,0,0,116500,0,13035,13035,0,"NO","Local Detailed Cache"
234,"2025-07-08","SPPL25-26/1925","SHREE LIGHT POWER PVT LTD","24AAPCS4105G1ZH","3166667000010009161","PURCHASE BILL",29946.33,0,0.31,0,29946.640000000003,0,2695.18,2695.18,0,"NO","Local Detailed Cache"
235,"2025-07-08","SPPL25-26/1924","SHREE LIGHT POWER PVT LTD","24AAPCS4105G1ZH","3166667000010014006","PURCHASE BILL",28289.390000000003,285.76,-0.49,0,28288.9,0,2546.05,2546.05,0,"NO","Local Detailed Cache"
236,"2025-07-08","CS22101244","BHAVNA ROAD WAYS","24AADFB5223B1Z9","3166667000010575869","PURCHASE BILL",1220,0,0,0,1220,0,0,0,0,"YES","Local Detailed Cache"
237,"2025-07-09","SPPL25-26/1957","SHREE LIGHT POWER PVT LTD","24AAPCS4105G1ZH","3166667000009972006","PURCHASE BILL",11853.67,0,-0.33,0,11853.34,0,1066.83,1066.83,0,"NO","Local Detailed Cache"
238,"2025-07-09","3098/25-26","Zaral Electricals","24ACEPM6740R1Z3","3166667000009979100","PURCHASE BILL",33825,0,0.5,0,33825.5,0,3044.25,3044.25,0,"NO","Local Detailed Cache"
239,"2025-07-09","T-01454/2025-26","SHIV TYRE CORPORATION","24ADBFS6220N1Z0","3166667000010324005","PURCHASE BILL",3906.25,0,-0.01,0,3906.24,0,546.88,546.88,0,"NO","Local Detailed Cache"
240,"2025-07-09","GST-0999/25-26","GOLDEN CABLE CORPORATION","24AALFG4879J1ZV","3166667000010566287","PURCHASE BILL",29085,0,-0.3,0,29084.7,0,2617.65,2617.65,0,"NO","Local Detailed Cache"
241,"2025-07-09","PF2025A001750313","ONE97 COMMUNICATIONS LIMITED","09AAACO4007A1Z3","3166667000010566817","PURCHASE BILL",507.63,0,0,0,507.63,91.37,0,0,0,"NO","Local Detailed Cache"
242,"2025-07-10","OPR/25-26/331","NT INNOVATIONS PRIVATE LIMITED","24AAHCN0726A1Z3","3166667000009940847","PURCHASE BILL",47034.03,0,-0.15,0,47033.88,0,4233.06,4233.06,0,"NO","Local Detailed Cache"
243,"2025-07-10","NDE/1751/2025-26","NAVDURGA ENTERPRISE","24EUBPB8637R1Z4","3166667000010050389","PURCHASE BILL",958.04,0,0.52,0,958.56,0,86.22,86.22,0,"NO","Local Detailed Cache"
244,"2025-07-10","T-1287/25-26","URMI ELECTRICALS","24AIYPV0796Q1ZV","3166667000010492677","PURCHASE BILL",36441.5,0,0.02,0,36441.52,0,3279.74,3279.74,0,"NO","Local Detailed Cache"
245,"2025-07-11","25-26/627","SUBODHAN ENGINEERS PUNE PVT LTD","27AACCS3640K1Z9","3166667000010094042","PURCHASE BILL",18750,0,0,0,18750,3375,0,0,0,"NO","Local Detailed Cache"
246,"2025-07-11","1237/25-26","Nisharp Corp","24AONPS2897E1ZG","3166667000010118675","PURCHASE BILL",651503.83,0,0.49,0,651504.32,0,58635.34,58635.34,0,"NO","Local Detailed Cache"
247,"2025-07-11","3152/25-26","Zaral Electricals","24ACEPM6740R1Z3","3166667000010118967","PURCHASE BILL",239565.88,0,0.26,0,239566.14,0,21560.93,21560.93,0,"NO","Local Detailed Cache"
248,"2025-07-11","3151/25-26","Zaral Electricals","24ACEPM6740R1Z3","3166667000010128123","PURCHASE BILL",384150,0,0,0,384150,0,34573.5,34573.5,0,"NO","Local Detailed Cache"
249,"2025-07-11","09","NP ENTERPRISE","24AAVFN7502M1ZQ","3166667000010215854","PURCHASE BILL",16245,0,-0.1,0,16244.9,0,1462.05,1462.05,0,"NO","Local Detailed Cache"
250,"2025-07-11","BVR-25-26-010571","YOU BROADBAND INDIA LIMITED","24AABCB6062F1Z2","3166667000010566427","PURCHASE BILL",2542,0,0,0,2542,0,229,229,0,"NO","Local Detailed Cache"
251,"2025-07-12","EES/25-26/18","EVERGREEN ELECTRICAL SERVICES","24GHTPP9763H1ZD","3166667000010014316","PURCHASE BILL",272250,0,0,0,272250,0,24502.5,24502.5,0,"NO","Local Detailed Cache"
252,"2025-07-15","29","TAXALT ENGINEERING AND CONSTRUCTION","24ALQPP8208G1ZT","3166667000010034153","PURCHASE BILL",439371.2,0,0,0,439371.2,0,39543.41,39543.41,0,"NO","Local Detailed Cache"
253,"2025-07-15","30","TAXALT ENGINEERING AND CONSTRUCTION","24ALQPP8208G1ZT","3166667000010034417","PURCHASE BILL",314823.2,0,0,0,314823.2,0,28334.09,28334.09,0,"NO","Local Detailed Cache"
254,"2025-07-15","CM1274","Samarth & Champion Associates","24AEPFS5351B1Z3","3166667000010118531","PURCHASE BILL",285,0,0,0,285,0,25.65,25.65,0,"NO","Local Detailed Cache"
255,"2025-07-16","AVT/25-26/029","AV TECNOLOGIES","24ABRFA9532D1ZE","3166667000010094219","PURCHASE BILL",44635.5,0,0,0,44635.5,0,4017.2,4017.2,0,"NO","Local Detailed Cache"
256,"2025-07-16","2370","NAREN HARDWARE ANDTOOLS","24AAAFN9783B1ZB","3166667000010288241","PURCHASE BILL",1737.5,0,-0.26,0,1737.24,0,156.38,156.38,0,"NO","Local Detailed Cache"
257,"2025-07-16","T-1374/25-26","URMI ELECTRICALS","24AIYPV0796Q1ZV","3166667000010496034","PURCHASE BILL",4830,0,-0.4,0,4829.6,0,434.7,434.7,0,"NO","Local Detailed Cache"
258,"2025-07-16","T-1373/25-26","URMI ELECTRICALS","24AIYPV0796Q1ZV","3166667000010496084","PURCHASE BILL",37500,0,0,0,37500,0,3375,3375,0,"NO","Local Detailed Cache"
259,"2025-07-16","3420008196","Manlift India Private Limited - Ahmedabad","24AAGCM7622M1Z7","3166667000010566013","PURCHASE BILL",25580.65,0,-0.2,0,25580.45,0,2302.26,2302.26,0,"NO","Local Detailed Cache"
260,"2025-07-17","31","TAXALT ENGINEERING AND CONSTRUCTION","24ALQPP8208G1ZT","3166667000010066247","PURCHASE BILL",621709.86,0,0,0,621709.86,0,55953.89,55953.89,0,"NO","Local Detailed Cache"
261,"2025-07-17","32","TAXALT ENGINEERING AND CONSTRUCTION","24ALQPP8208G1ZT","3166667000010066751","PURCHASE BILL",621709.81,0,0.43,0,621710.2400000001,0,55953.88,55953.88,0,"NO","Local Detailed Cache"
262,"2025-07-17","V-TEL/25-26/388","JAGANNATH INDUSTRIES","24ANSPT8182D1ZG","3166667000010128301","PURCHASE BILL",1960,0,0.2,0,1960.2,0,176.4,176.4,0,"NO","Local Detailed Cache"
263,"2025-07-17","2501610","ACTIVE ENTERPRISE","24AAFFA7099E1ZG","3166667000010236530","PURCHASE BILL",59515,0,0.3,0,59515.3,0,5356.35,5356.35,0,"NO","Local Detailed Cache"
264,"2025-07-17","NDE/1882/2025-26","NAVDURGA ENTERPRISE","24EUBPB8637R1Z4","3166667000010575761","PURCHASE BILL",702,0,-0.36,0,701.64,0,63.18,63.18,0,"NO","Local Detailed Cache"
265,"2025-07-18","3385/25-26","Zaral Electricals","24ACEPM6740R1Z3","3166667000010118827","PURCHASE BILL",125930,0,-0.4,0,125929.6,0,11333.7,11333.7,0,"NO","Local Detailed Cache"
266,"2025-07-18","SCA0801","Samarth & Champion Associates","24AEPFS5351B1Z3","3166667000010236363","PURCHASE BILL",1907,0,0,0,1907,0,171.63,171.63,0,"NO","Local Detailed Cache"
267,"2025-07-19","002","Pranav Ishwarbhai Patel - BKP","","3166667000010236055","PURCHASE BILL",168000,0,0,0,168000,0,0,0,0,"NO","Local Detailed Cache"
268,"2025-07-20","002","Jigneshbhai Bhupendrabhai Patel","","3166667000010503853","PURCHASE BILL",6030,0,0,0,6030,0,0,0,0,"NO","Local Detailed Cache"
269,"2025-07-21","35","TAXALT ENGINEERING AND CONSTRUCTION","24ALQPP8208G1ZT","3166667000010142012","PURCHASE BILL",351624.61,0,0,0,351624.61,0,31646.21,31646.21,0,"NO","Local Detailed Cache"
270,"2025-07-21","34","TAXALT ENGINEERING AND CONSTRUCTION","24ALQPP8208G1ZT","3166667000010142215","PURCHASE BILL",227076.61,0,0,0,227076.61,0,20436.89,20436.89,0,"NO","Local Detailed Cache"
271,"2025-07-21","BSE/25-26/02862","B.S. ELECTRICALS","24AADFB4899D2ZG","3166667000010236883","PURCHASE BILL",1977.8,0,0.2,0,1978,0,178,178,0,"NO","Local Detailed Cache"
272,"2025-07-21","2501668","ACTIVE ENTERPRISE","24AAFFA7099E1ZG","3166667000010236965","PURCHASE BILL",67296.48,0,0.16,0,67296.64,0,6056.68,6056.68,0,"NO","Local Detailed Cache"
273,"2025-07-21","T-1440/25-26","URMI ELECTRICALS","24AIYPV0796Q1ZV","3166667000010492508","PURCHASE BILL",4623,0,-0.14,0,4622.86,0,416.07,416.07,0,"NO","Local Detailed Cache"
274,"2025-07-21","T-1442/25-26","URMI ELECTRICALS","24AIYPV0796Q1ZV","3166667000010492580","PURCHASE BILL",37023.75,0,-0.03,0,37023.72,0,3332.14,3332.14,0,"NO","Local Detailed Cache"
275,"2025-07-22","36","TAXALT ENGINEERING AND CONSTRUCTION","24ALQPP8208G1ZT","3166667000010143009","PURCHASE BILL",56551,0,0,0,56551,0,5089.59,5089.59,0,"NO","Local Detailed Cache"
276,"2025-07-22","044","Sai Electrical Services","24BTUPM8377E1Z1","3166667000010144122","PURCHASE BILL",10000,0,0,0,10000,0,900,900,0,"NO","Local Detailed Cache"
277,"2025-07-22","2501690","ACTIVE ENTERPRISE","24AAFFA7099E1ZG","3166667000010236468","PURCHASE BILL",9536,0,-0.48,0,9535.52,0,858.24,858.24,0,"NO","Local Detailed Cache"
278,"2025-07-22","IVR-05619","Green Electricals Pvt. Ltd.","24AACCG4053A1ZB","3166667000010236634","PURCHASE BILL",730727.59,0,0.45,0,730728.0399999999,0,65765.48,65765.48,0,"NO","Local Detailed Cache"
279,"2025-07-23","25-26/0251","Raj Electricals","24AAHFR2079K1ZY","3166667000010144238","PURCHASE BILL",35500,0,0,0,35500,0,3195,3195,0,"NO","Local Detailed Cache"
280,"2025-07-23","SPC/078/24-25","SHIVANSH ENGINEERING","24AICPC1186D1ZX","3166667000010215777","PURCHASE BILL",119000,0,0,0,119000,0,10710,10710,0,"NO","Local Detailed Cache"
281,"2025-07-23","P/1204/25-26","POWER LINE","24AAJPC1759K1ZP","3166667000010324363","PURCHASE BILL",209160,0,0.2,0,209160.2,0,18824.4,18824.4,0,"NO","Local Detailed Cache"
282,"2025-07-23","T-1458/25-26","URMI ELECTRICALS","24AIYPV0796Q1ZV","3166667000010492971","PURCHASE BILL",11800,0,0,0,11800,0,1062,1062,0,"NO","Local Detailed Cache"
283,"2025-07-23","3540/25-26","Zaral Electricals","24ACEPM6740R1Z3","3166667000010530888","PURCHASE BILL",16600,0,0,0,16600,0,1494,1494,0,"NO","Local Detailed Cache"
284,"2025-07-23","3541/25-26","Zaral Electricals","24ACEPM6740R1Z3","3166667000010530961","PURCHASE BILL",19250,0,0,0,19250,0,1732.5,1732.5,0,"NO","Local Detailed Cache"
285,"2025-07-24","HC/MANB/0324","HARDWARE CLINIC","24AAJFH7316M1Z4","3166667000010243062","PURCHASE BILL",72309.33,0,-0.01,0,72309.32,0,6507.84,6507.84,0,"NO","Local Detailed Cache"
286,"2025-07-24","T-1478/25-26","URMI ELECTRICALS","24AIYPV0796Q1ZV","3166667000010492766","PURCHASE BILL",18951.5,0,0.22,0,18951.72,0,1705.64,1705.64,0,"NO","Local Detailed Cache"
287,"2025-07-24","RIS/25-26/548","Raja Industrial Stationery","24BZJPP5136M2ZW","3166667000010536024","PURCHASE BILL",29878.5,0,0.16,0,29878.66,0,2656.17,2656.17,0,"NO","Local Detailed Cache"
288,"2025-07-24","CS22103086","BHAVNA ROAD WAYS","24AADFB5223B1Z9","3166667000010575911","PURCHASE BILL",1230,0,0,0,1230,0,0,0,0,"YES","Local Detailed Cache"
289,"2025-07-25","GST-1159/25-26","GOLDEN CABLE CORPORATION","24AALFG4879J1ZV","3166667000010280335","PURCHASE BILL",122880,0,-0.4,0,122879.6,0,11059.2,11059.2,0,"NO","Local Detailed Cache"
290,"2025-07-28","760","CHAMUNDA HARDWARE AND TRADERS","24ALJPP8970A1ZZ","3166667000010492101","PURCHASE BILL",1380.78,0,-0.02,0,1380.76,0,91.12,91.12,0,"NO","Local Detailed Cache"
291,"2025-07-28","T-1508/25-26","URMI ELECTRICALS","24AIYPV0796Q1ZV","3166667000010492869","PURCHASE BILL",21138.49,0,-0.41,0,21138.08,0,1902.46,1902.46,0,"NO","Local Detailed Cache"
292,"2025-07-28","R28072556656","Reliance General Insurance","24AABCR6747B1ZM","3166667000010566163","PURCHASE BILL",465.15,0,0,0,465.15,0,41.86,41.86,0,"NO","Local Detailed Cache"
293,"2025-07-28","38","TAXALT ENGINEERING AND CONSTRUCTION","24ALQPP8208G1ZT","3166667000010274541","PURCHASE BILL",722409.44,0,-0.14,0,722409.2999999999,0,65016.85,65016.85,0,"NO","Local Detailed Cache"
294,"2025-07-28","39","TAXALT ENGINEERING AND CONSTRUCTION","24ALQPP8208G1ZT","3166667000010274634","PURCHASE BILL",518593.04,0,0.22,0,518593.25999999995,0,46673.37,46673.37,0,"NO","Local Detailed Cache"
295,"2025-07-28","GST-1177/25-26","GOLDEN CABLE CORPORATION","24AALFG4879J1ZV","3166667000010280245","PURCHASE BILL",139048,0,0.36,0,139048.36,0,12514.32,12514.32,0,"NO","Local Detailed Cache"
296,"2025-07-28","25-26/TI/299","Maa Computer","24AKTPC8228P1ZI","3166667000010288001","PURCHASE BILL",872.88,0,0,0,872.88,0,78.56,78.56,0,"NO","Local Detailed Cache"
297,"2025-07-28","HE/107/2526","HI TECH ENGINEERS","24AABFH1007M1ZS","3166667000010372233","PURCHASE BILL",270050,0,0,0,270050,0,24304.5,24304.5,0,"NO","Local Detailed Cache"
298,"2025-07-28","203","MEHSANA STEEL CENTRE","24AACFM3859P1ZS","3166667000010372391","PURCHASE BILL",17422,0,0.04,0,17422.04,0,1567.98,1567.98,0,"NO","Local Detailed Cache"
299,"2025-07-28","202","MEHSANA STEEL CENTRE","24AACFM3859P1ZS","3166667000010402771","PURCHASE BILL",19142,0,0.44,0,19142.44,0,1722.78,1722.78,0,"NO","Local Detailed Cache"
300,"2025-07-29","2501800","ACTIVE ENTERPRISE","24AAFFA7099E1ZG","3166667000010288656","PURCHASE BILL",84396,0,-0.28,0,84395.72,0,7595.64,7595.64,0,"NO","Local Detailed Cache"
301,"2025-07-29","P/1287/25-26","POWER LINE","24AAJPC1759K1ZP","3166667000010324474","PURCHASE BILL",211900,0,0,0,211900,0,19071,19071,0,"NO","Local Detailed Cache"
302,"2025-07-29","P/1286/25-26","POWER LINE","24AAJPC1759K1ZP","3166667000010324543","PURCHASE BILL",20000,0,0,0,20000,0,1800,1800,0,"NO","Local Detailed Cache"
303,"2025-07-29","G/0226","FABIRON ENGINEERS PVT LTD","24AABCF3883G1ZP","3166667000010612233","PURCHASE BILL",21500,0,0,0,21500,0,1935,1935,0,"NO","Local Detailed Cache"
304,"2025-07-30","SPPL25-26/2372","SHREE LIGHT POWER PVT LTD","24AAPCS4105G1ZH","3166667000010312005","PURCHASE BILL",29392.75,0,-0.45,0,29392.3,0,2645.35,2645.35,0,"NO","Local Detailed Cache"
305,"2025-07-30","IVR-06009","Green Electricals Pvt. Ltd.","24AACCG4053A1ZB","3166667000010312122","PURCHASE BILL",52000,0,0,0,52000,0,4680,4680,0,"NO","Local Detailed Cache"
306,"2025-07-30","IE/25-26/229","INFLUX ELECTRIC  CO.","24AAXPO9200H1ZE","3166667000010324627","PURCHASE BILL",2374,0,0,0,2374,0,213.66,213.66,0,"NO","Local Detailed Cache"
307,"2025-07-30","BSE/25-26/03151","B.S. ELECTRICALS","24AADFB4899D2ZG","3166667000010346005","PURCHASE BILL",4839,0,-0.02,0,4838.98,0,435.51,435.51,0,"NO","Local Detailed Cache"
308,"2025-07-30","T-1513/25-26","URMI ELECTRICALS","24AIYPV0796Q1ZV","3166667000010492438","PURCHASE BILL",3100,0,0,0,3100,0,279,279,0,"NO","Local Detailed Cache"
309,"2025-07-31","41","TAXALT ENGINEERING AND CONSTRUCTION","24ALQPP8208G1ZT","3166667000010378483","PURCHASE BILL",112489.02,0,0,0,112489.02,0,10124.01,10124.01,0,"NO","Local Detailed Cache"
310,"2025-07-31","43","TAXALT ENGINEERING AND CONSTRUCTION","24ALQPP8208G1ZT","3166667000010402117","PURCHASE BILL",74071.14,0,0.34,0,74071.48,0,6666.4,6666.4,0,"NO","Local Detailed Cache"
311,"2025-07-31","40","TAXALT ENGINEERING AND CONSTRUCTION","24ALQPP8208G1ZT","3166667000010402363","PURCHASE BILL",236350,0,0,0,236350,0,21271.5,21271.5,0,"NO","Local Detailed Cache"
312,"2025-07-31","HC/MANB/0347","HARDWARE CLINIC","24AAJFH7316M1Z4","3166667000010402660","PURCHASE BILL",18347.46,0,0,0,18347.46,0,1651.27,1651.27,0,"NO","Local Detailed Cache"
313,"2025-07-31","2025/26/004","MR .ATIT KIRITBHAI SHAH","","3166667000010426167","PURCHASE BILL",44500,0,0,0,44500,0,0,0,0,"NO","Local Detailed Cache"
314,"2025-07-31","25-26/826","SUBODHAN ENGINEERS PUNE PVT LTD","27AACCS3640K1Z9","3166667000010464890","PURCHASE BILL",31250,0,0,0,31250,5625,0,0,0,"NO","Local Detailed Cache"
315,"2025-07-31","2025/26/001","MR. SANJAYKUMAR F RATHOD","","3166667000010465000","PURCHASE BILL",7407,0,0,0,7407,0,0,0,0,"NO","Local Detailed Cache"
316,"2025-07-31","3122564","BHAVNA ROAD WAYS","24AADFB5223B1Z9","3166667000010575825","PURCHASE BILL",420,0,0,0,420,0,0,0,0,"YES","Local Detailed Cache"
317,"2025-08-01","AVT/25-26/033","AV TECNOLOGIES","24ABRFA9532D1ZE","3166667000010472056","PURCHASE BILL",21849.75,0,0,0,21849.75,0,1966.48,1966.48,0,"NO","Local Detailed Cache"
318,"2025-08-01","EES/25-26/23","EVERGREEN ELECTRICAL SERVICES","24GHTPP9763H1ZD","3166667000010513361","PURCHASE BILL",33600,0,0,0,33600,0,3024,3024,0,"NO","Local Detailed Cache"
319,"2025-08-01","GST-1225/25-26","GOLDEN CABLE CORPORATION","24AALFG4879J1ZV","3166667000010921027","PURCHASE BILL",95713,0,-0.34,0,95712.66,0,8614.17,8614.17,0,"NO","Local Detailed Cache"
320,"2025-08-01","T-1536/25-26","URMI ELECTRICALS","24AIYPV0796Q1ZV","3166667000011042153","PURCHASE BILL",1918,0,-0.24,0,1917.76,0,172.62,172.62,0,"NO","Local Detailed Cache"
321,"2025-08-02","T-1551/25-26","URMI ELECTRICALS","24AIYPV0796Q1ZV","3166667000010939109","PURCHASE BILL",2148,0,0.36,0,2148.36,0,193.32,193.32,0,"NO","Local Detailed Cache"
322,"2025-08-02","T-1560/25-26","URMI ELECTRICALS","24AIYPV0796Q1ZV","3166667000010939806","PURCHASE BILL",28322.34,0,-0.36,0,28321.98,0,2549.01,2549.01,0,"NO","Local Detailed Cache"
323,"2025-08-03","005","Gohel Meet Dharmendrakumar","","3166667000010430009","PURCHASE BILL",5000,0,0,0,5000,0,0,0,0,"NO","Local Detailed Cache"
324,"2025-08-04","25-26/2618","YAMUNA TYRES","24AABFY0148G1ZG","3166667000010464165","PURCHASE BILL",12968.76,0,-0.02,0,12968.74,0,1815.63,1815.63,0,"NO","Local Detailed Cache"
325,"2025-08-04","25-26/2620","YAMUNA TYRES","24AABFY0148G1ZG","3166667000010464237","PURCHASE BILL",12500,0,0,0,12500,0,1750,1750,0,"NO","Local Detailed Cache"
326,"2025-08-05","006","Gohel Meet Dharmendrakumar","","3166667000010430073","PURCHASE BILL",232587.34,0,0,0,232587.34,0,0,0,0,"NO","Local Detailed Cache"
327,"2025-08-05","T0108","NS TRANSMISSION PVT LTD","24AADCN9281C1ZJ","3166667000010555385","PURCHASE BILL",101150,0,0,0,101150,0,9103.5,9103.5,0,"NO","Local Detailed Cache"
328,"2025-08-06","26-2852","2P Sales","24ABWPS4480M1ZQ","3166667000010492163","PURCHASE BILL",2000,0,0,0,2000,0,180,180,0,"NO","Local Detailed Cache"
329,"2025-08-08","46","TAXALT ENGINEERING AND CONSTRUCTION","24ALQPP8208G1ZT","3166667000010486165","PURCHASE BILL",8351.7,0,0,0,8351.7,0,751.65,751.65,0,"NO","Local Detailed Cache"
330,"2025-08-08","47","TAXALT ENGINEERING AND CONSTRUCTION","24ALQPP8208G1ZT","3166667000010486223","PURCHASE BILL",208171.7,0,0,0,208171.7,0,18735.45,18735.45,0,"NO","Local Detailed Cache"
331,"2025-08-08","2025-26/101","CAPITAL CONSTRUCTION","24BRVPP1497F2Z7","3166667000010686027","PURCHASE BILL",52963.56,0,0,0,52963.56,0,4766.72,4766.72,0,"NO","Local Detailed Cache"
332,"2025-08-10","001","KHUSHBU PARTH PANDYA","","3166667000010870577","PURCHASE BILL",17780,0,0,0,17780,0,0,0,0,"NO","Local Detailed Cache"
333,"2025-08-11","T-1675/25-26","URMI ELECTRICALS","24AIYPV0796Q1ZV","3166667000010939163","PURCHASE BILL",70926.8,0,0.38,0,70927.18000000001,0,6383.41,6383.41,0,"NO","Local Detailed Cache"
334,"2025-08-12","51","TAXALT ENGINEERING AND CONSTRUCTION","24ALQPP8208G1ZT","3166667000010527001","PURCHASE BILL",421672.58,0,0,0,421672.58,0,37950.53,37950.53,0,"NO","Local Detailed Cache"
335,"2025-08-12","52","TAXALT ENGINEERING AND CONSTRUCTION","24ALQPP8208G1ZT","3166667000010527524","PURCHASE BILL",456509.16,0,0,0,456509.16,0,41085.82,41085.82,0,"NO","Local Detailed Cache"
336,"2025-08-12","53","TAXALT ENGINEERING AND CONSTRUCTION","24ALQPP8208G1ZT","3166667000010527760","PURCHASE BILL",113102,0,-0.36,0,113101.64,0,10179.18,10179.18,0,"NO","Local Detailed Cache"
337,"2025-08-12","216","MEHSANA STEEL CENTRE","24AACFM3859P1ZS","3166667000010995553","PURCHASE BILL",17490,0,-0.2,0,17489.8,0,1574.1,1574.1,0,"NO","Local Detailed Cache"
338,"2025-08-13","T/101","D K ENTERPRISE","24AJKPD3044L1ZC","3166667000010596372","PURCHASE BILL",235000,0,0,0,235000,0,21150,21150,0,"NO","Local Detailed Cache"
339,"2025-08-13","61","TAXALT ENGINEERING AND CONSTRUCTION","24ALQPP8208G1ZT","3166667000010596742","PURCHASE BILL",305455.86,0,0,0,305455.86,0,27491.03,27491.03,0,"NO","Local Detailed Cache"
340,"2025-08-13","58","TAXALT ENGINEERING AND CONSTRUCTION","24ALQPP8208G1ZT","3166667000010542029","PURCHASE BILL",67774.87,0,0,0,67774.87,0,6099.74,6099.74,0,"NO","Local Detailed Cache"
341,"2025-08-13","59","TAXALT ENGINEERING AND CONSTRUCTION","24ALQPP8208G1ZT","3166667000010542101","PURCHASE BILL",301225.74,0,0,0,301225.74,0,27110.32,27110.32,0,"NO","Local Detailed Cache"
342,"2025-08-13","IVR-06677","Green Electricals Pvt. Ltd.","24AACCG4053A1ZB","3166667000010555320","PURCHASE BILL",46800,0,0,0,46800,0,4212,4212,0,"NO","Local Detailed Cache"
343,"2025-08-14","67/25-26","WEST-COAST RENTALS","24AABFW6467A1ZC","3166667000010705718","PURCHASE BILL",15000,0,0,0,15000,0,1350,1350,0,"NO","Local Detailed Cache"
344,"2025-08-14","GST-1346/25-26","GOLDEN CABLE CORPORATION","24AALFG4879J1ZV","3166667000010912506","PURCHASE BILL",131727.17,0,-0.07,0,131727.1,0,11855.45,11855.45,0,"NO","Local Detailed Cache"
345,"2025-08-14","T-1700/25-26","URMI ELECTRICALS","24AIYPV0796Q1ZV","3166667000010926001","PURCHASE BILL",53269.8,0,-0.36,0,53269.44,0,4794.28,4794.28,0,"NO","Local Detailed Cache"
346,"2025-08-15","25-26/0312","Raj Electricals","24AAHFR2079K1ZY","3166667000010612680","PURCHASE BILL",35500,0,0,0,35500,0,3195,3195,0,"NO","Local Detailed Cache"
347,"2025-08-15","005","KHUSHBU PARTH PANDYA","","3166667000010870631","PURCHASE BILL",45870,0,0,0,45870,0,0,0,0,"NO","Local Detailed Cache"
348,"2025-08-16","BSE/25-26/03586","B.S. ELECTRICALS","24AADFB4899D2ZG","3166667000010612882","PURCHASE BILL",1927.8,0,0.2,0,1928,0,173.5,173.5,0,"NO","Local Detailed Cache"
349,"2025-08-16","PPI2623323818635","HDFC BANK LIMITED - MAHARASTRA","27AAACH2702H5ZW","3166667000011056321","PURCHASE BILL",10,0,0,0,10,1.8,0,0,0,"NO","Local Detailed Cache"
350,"2025-08-18","1053","Electro Sales Corporation","24AOOPP7070F1ZP","3166667000010612350","PURCHASE BILL",2241.69,0,-0.21,0,2241.48,0,201.76,201.76,0,"NO","Local Detailed Cache"
351,"2025-08-18","P/1513/25-26","POWER LINE","24AAJPC1759K1ZP","3166667000010612771","PURCHASE BILL",21250,0,0,0,21250,0,1912.5,1912.5,0,"NO","Local Detailed Cache"
352,"2025-08-18","DE/25-26/29","HIMANSHU ENTERPRISE","24ACEPY7837K2ZW","3166667000010633005","PURCHASE BILL",46400,0,0,0,46400,0,4176,4176,0,"NO","Local Detailed Cache"
353,"2025-08-18","276/25-26","SANKHARI ENTERPRISES","24BCMPS3820H1ZI","3166667000010705188","PURCHASE BILL",4900,0,-0.5,0,4899.5,0,372.75,372.75,0,"NO","Local Detailed Cache"
354,"2025-08-19","3109","NAREN HARDWARE ANDTOOLS","24AAAFN9783B1ZB","3166667000010686173","PURCHASE BILL",2000,0,0,0,2000,0,180,180,0,"NO","Local Detailed Cache"
355,"2025-08-19","GST-1380/25-26","GOLDEN CABLE CORPORATION","24AALFG4879J1ZV","3166667000010705117","PURCHASE BILL",8872.2,0,-0.2,0,8872,0,798.5,798.5,0,"NO","Local Detailed Cache"
356,"2025-08-19","CS22105837","BHAVNA ROAD WAYS","24AADFB5223B1Z9","3166667000011056362","PURCHASE BILL",1240,0,0,0,1240,0,0,0,0,"YES","Local Detailed Cache"
357,"2025-08-20","010","KHUSHBU PARTH PANDYA","","3166667000010870695","PURCHASE BILL",36350,0,0,0,36350,0,0,0,0,"NO","Local Detailed Cache"
358,"2025-08-21","G/0273","FABIRON ENGINEERS PVT LTD","24AABCF3883G1ZP","3166667000010705559","PURCHASE BILL",146050,0,0,0,146050,0,13144.5,13144.5,0,"NO","Local Detailed Cache"
359,"2025-08-21","G/0274","FABIRON ENGINEERS PVT LTD","24AABCF3883G1ZP","3166667000011060080","PURCHASE BILL",31750,0,0,0,31750,0,2857.5,2857.5,0,"NO","Local Detailed Cache"
360,"2025-08-22","0012","KHUSHBU PARTH PANDYA","","3166667000013627166","PURCHASE BILL",50000,0,0,0,50000,0,0,0,0,"NO","Local Detailed Cache"
361,"2025-08-22","20006","SUB ENGINEERING","24HYTPP9406H1ZP","3166667000010697005","PURCHASE BILL",377808,0,0,0,377808,0,34002.72,34002.72,0,"NO","Local Detailed Cache"
362,"2025-08-23","T/112","D K ENTERPRISE","24AJKPD3044L1ZC","3166667000010741050","PURCHASE BILL",9900,0,0,0,9900,0,891,891,0,"NO","Local Detailed Cache"
363,"2025-08-23","T/110","D K ENTERPRISE","24AJKPD3044L1ZC","3166667000010741123","PURCHASE BILL",18800,0,0,0,18800,0,1692,1692,0,"NO","Local Detailed Cache"
364,"2025-08-23","RT/25-26/0101","ROUTE TECHNOLOGIES","24AAXFR6788B1ZL","3166667000010979123","PURCHASE BILL",245000,0,0,0,245000,0,22050,22050,0,"NO","Local Detailed Cache"
365,"2025-08-25","PLS/25-26/670","KARM ENTERPRISE","24BDDPS7554Q1ZR","3166667000010736882","PURCHASE BILL",15209.28,0,0.08,0,15209.36,0,1368.82,1368.82,0,"NO","Local Detailed Cache"
366,"2025-08-25","GST-01940/25-26","Shree Laxmi Industrial Electric","24FIBPP9779R1Z0","3166667000010736961","PURCHASE BILL",11095,0,-0.1,0,11094.9,0,998.55,998.55,0,"NO","Local Detailed Cache"
367,"2025-08-25","GST-1742/25-26","JAY  SALES  CORPORATION","24ACUPP3547M1ZV","3166667000010741190","PURCHASE BILL",15038,0,0.16,0,15038.16,0,1353.42,1353.42,0,"NO","Local Detailed Cache"
368,"2025-08-25","4467/25-26","Zaral Electricals","24ACEPM6740R1Z3","3166667000010744005","PURCHASE BILL",3990,0,-0.2,0,3989.8,0,359.1,359.1,0,"NO","Local Detailed Cache"
369,"2025-08-25","V-TEL/25-26/509","JAGANNATH INDUSTRIES","24ANSPT8182D1ZG","3166667000010744104","PURCHASE BILL",840,0,-0.2,0,839.8,0,75.6,75.6,0,"NO","Local Detailed Cache"
370,"2025-08-25","4466/25-26","Zaral Electricals","24ACEPM6740R1Z3","3166667000010811571","PURCHASE BILL",13950,0,0,0,13950,0,1255.5,1255.5,0,"NO","Local Detailed Cache"
371,"2025-08-25","4465/25-26","Zaral Electricals","24ACEPM6740R1Z3","3166667000010811657","PURCHASE BILL",6742.5,0,-0.16,0,6742.34,0,606.83,606.83,0,"NO","Local Detailed Cache"
372,"2025-08-25","IA180802278","Go Digit General Insurance Limited","24AACCO4128Q1Z6","3166667000011056237","PURCHASE BILL",3894.41,0,-0.01,0,3894.3999999999996,0,350.5,350.5,0,"NO","Local Detailed Cache"
373,"2025-08-26","011A/25-26","Mithilesh Kumar Patel","","3166667000010811104","PURCHASE BILL",174762.61,0,0,0,174762.61,0,0,0,0,"NO","Local Detailed Cache"
374,"2025-08-26","25-26/4485","DEEPDEAL ELECTRICALS PRIVATE LIMITED","24AAGCD5792B1ZS","3166667000010811150","PURCHASE BILL",15744,0,0.08,0,15744.08,0,1416.96,1416.96,0,"NO","Local Detailed Cache"
375,"2025-08-26","SSE-001A/25-26","SHIV SHAKTI ENGINEERS","","3166667000010891279","PURCHASE BILL",94588.21,0,0,0,94588.21,0,0,0,0,"NO","Local Detailed Cache"
376,"2025-08-26","SSE-002A/25-26","SHIV SHAKTI ENGINEERS","","3166667000010891381","PURCHASE BILL",3704.8,0,0,0,3704.8,0,0,0,0,"NO","Local Detailed Cache"
377,"2025-08-26","SSE-003A/25-26","SHIV SHAKTI ENGINEERS","","3166667000010891445","PURCHASE BILL",23448.1,0,0,0,23448.1,0,0,0,0,"NO","Local Detailed Cache"
378,"2025-08-26","SSE-004A/25-26","SHIV SHAKTI ENGINEERS","","3166667000010891509","PURCHASE BILL",5448.3,0,0,0,5448.3,0,0,0,0,"NO","Local Detailed Cache"
379,"2025-08-26","SSE-005A/25-26","SHIV SHAKTI ENGINEERS","","3166667000010891553","PURCHASE BILL",3762,0,0,0,3762,0,0,0,0,"NO","Local Detailed Cache"
380,"2025-08-27","62","TAXALT ENGINEERING AND CONSTRUCTION","24ALQPP8208G1ZT","3166667000010776001","PURCHASE BILL",42367.18,0,0,0,42367.18,0,3813.05,3813.05,0,"NO","Local Detailed Cache"
381,"2025-08-27","574","INDIAN ELECTRIC AND POWER CONTROL INC.","24ABDPH6028D1Z7","3166667000010811229","PURCHASE BILL",65144,0,0,0,65144,0,5862.96,5862.96,0,"NO","Local Detailed Cache"
382,"2025-08-28","65","TAXALT ENGINEERING AND CONSTRUCTION","24ALQPP8208G1ZT","3166667000010790417","PURCHASE BILL",87416.4,0,0,0,87416.4,0,7867.48,7867.48,0,"NO","Local Detailed Cache"
383,"2025-08-28","64","TAXALT ENGINEERING AND CONSTRUCTION","24ALQPP8208G1ZT","3166667000010790495","PURCHASE BILL",43708.2,0,0,0,43708.2,0,3933.74,3933.74,0,"NO","Local Detailed Cache"
384,"2025-08-28","66","TAXALT ENGINEERING AND CONSTRUCTION","24ALQPP8208G1ZT","3166667000010802001","PURCHASE BILL",27746.85,0,0,0,27746.85,0,2497.22,2497.22,0,"NO","Local Detailed Cache"
385,"2025-08-28","5320","SHIV SUPPLY COMPANY","24AEDPG1014M1ZZ","3166667000010802085","PURCHASE BILL",2800,0,0,0,2800,0,252,252,0,"NO","Local Detailed Cache"
386,"2025-08-28","AA2450002169","SCHNEIDER ELECTRIC INDIA PVT.LTD. - GJ","24AABCS1624G1ZT","3166667000010802205","PURCHASE BILL",1840848.5,0,0,0,1840848.5,0,165676.37,165676.37,0,"NO","Local Detailed Cache"
387,"2025-08-28","RT/25-26/0105","ROUTE TECHNOLOGIES","24AAXFR6788B1ZL","3166667000010979025","PURCHASE BILL",58000,0,0,0,58000,0,5220,5220,0,"NO","Local Detailed Cache"
388,"2025-08-28","EES/25-26/24","EVERGREEN ELECTRICAL SERVICES","24GHTPP9763H1ZD","3166667000011030001","PURCHASE BILL",178800,0,0,0,178800,0,16092,16092,0,"NO","Local Detailed Cache"
389,"2025-08-29","131","SHIV STEEL","24AFBFS8742P1ZD","3166667000010811015","PURCHASE BILL",12784.84,0,-0.12,0,12784.72,0,1150.64,1150.64,0,"NO","Local Detailed Cache"
390,"2025-08-29","25-26/4446","DEEPDEAL ELECTRICALS PRIVATE LIMITED","24AAGCD5792B1ZS","3166667000010811310","PURCHASE BILL",9757.5,0,0.14,0,9757.64,0,878.18,878.18,0,"NO","Local Detailed Cache"
391,"2025-08-29","1164","Electro Sales Corporation","24AOOPP7070F1ZP","3166667000010870190","PURCHASE BILL",1554.04,0,0.22,0,1554.26,0,139.87,139.87,0,"NO","Local Detailed Cache"
392,"2025-08-29","SPPL25-26/2951","SHREE LIGHT POWER PVT LTD","24AAPCS4105G1ZH","3166667000010921143","PURCHASE BILL",21620,0,0.38,0,21620.38,0,1945.81,1945.81,0,"NO","Local Detailed Cache"
393,"2025-08-29","T-1848/25-26","URMI ELECTRICALS","24AIYPV0796Q1ZV","3166667000010939521","PURCHASE BILL",35385.38,0,0.26,0,35385.64,0,3184.68,3184.68,0,"NO","Local Detailed Cache"
394,"2025-08-30","P/1676/25-26","POWER LINE","24AAJPC1759K1ZP","3166667000010921262","PURCHASE BILL",25050,0,0,0,25050,0,2254.5,2254.5,0,"NO","Local Detailed Cache"
395,"2025-08-30","P/1687/25-26","POWER LINE","24AAJPC1759K1ZP","3166667000010921346","PURCHASE BILL",105737,0,0.34,0,105737.34,0,9516.33,9516.33,0,"NO","Local Detailed Cache"
396,"2025-08-31","2025/26/002","MR. SANJAYKUMAR F RATHOD","","3166667000010891597","PURCHASE BILL",23077,0,0,0,23077,0,0,0,0,"NO","Local Detailed Cache"
397,"2025-08-31","2025/26/005","MR .ATIT KIRITBHAI SHAH","","3166667000010891641","PURCHASE BILL",44500,0,0,0,44500,0,0,0,0,"NO","Local Detailed Cache"
398,"2025-08-31","T-1853/25-26","URMI ELECTRICALS","24AIYPV0796Q1ZV","3166667000010939439","PURCHASE BILL",22584.6,0,0.18,0,22584.78,0,2032.61,2032.61,0,"NO","Local Detailed Cache"
399,"2025-08-31","RIS/25-26/726","Raja Industrial Stationery","24BZJPP5136M2ZW","3166667000011505188","PURCHASE BILL",3595,0,-0.1,0,3594.9,0,323.55,323.55,0,"NO","Local Detailed Cache"
400,"2025-09-01","ESPL/25-26/167","ENVOLTA SYSTEMS PRIVATE LIMITED","24AAGCE4435N1ZG","3166667000010870005","PURCHASE BILL",1621000,0,0,0,1621000,0,145890,145890,0,"NO","Local Detailed Cache"
401,"2025-09-01","79/25-26","WEST-COAST RENTALS","24AABFW6467A1ZC","3166667000010921474","PURCHASE BILL",12000,0,0,0,12000,0,1080,1080,0,"NO","Local Detailed Cache"
402,"2025-09-01","T-1876-A/25-26","URMI ELECTRICALS","24AIYPV0796Q1ZV","3166667000010926201","PURCHASE BILL",630,0,-0.4,0,629.6,0,56.7,56.7,0,"NO","Local Detailed Cache"
403,"2025-09-01","SS-1294","SHIVAM SALES","24AFKPN1669K1Z2","3166667000010949108","PURCHASE BILL",1601.7,0,0,0,1601.7,0,144.15,144.15,0,"NO","Local Detailed Cache"
404,"2025-09-01","BRD15","MRNP & CO LLP","24ABDFM2619M2Z6","3166667000010949652","PURCHASE BILL",65000,0,0,0,65000,0,5850,5850,0,"NO","Local Detailed Cache"
405,"2025-09-01","0001","Anita Pratik Kumar","","3166667000015156035","PURCHASE BILL",25000,0,0,0,25000,0,0,0,0,"NO","Local Detailed Cache"
406,"2025-09-02","5578","SHIV SUPPLY COMPANY","24AEDPG1014M1ZZ","3166667000010949200","PURCHASE BILL",2500,0,0,0,2500,0,225,225,0,"NO","Local Detailed Cache"
407,"2025-09-02","ME/2475/2025-26","MANN ENGINEERS","24AAKHM5573J1ZT","3166667000011037827","PURCHASE BILL",900,0,0,0,900,0,54,54,0,"NO","Local Detailed Cache"
408,"2025-09-03","007","Gohel Meet Dharmendrakumar","","3166667000010870401","PURCHASE BILL",5000,0,0,0,5000,0,0,0,0,"NO","Local Detailed Cache"
409,"2025-09-03","AA2450002228","SCHNEIDER ELECTRIC INDIA PVT.LTD. - GJ","24AABCS1624G1ZT","3166667000010891005","PURCHASE BILL",1625989.7,0,0,0,1625989.7,0,146339.07,146339.07,0,"NO","Local Detailed Cache"
410,"2025-09-03","68","TAXALT ENGINEERING AND CONSTRUCTION","24ALQPP8208G1ZT","3166667000010912147","PURCHASE BILL",78649.87,0,0,0,78649.87,0,7078.49,7078.49,0,"NO","Local Detailed Cache"
411,"2025-09-03","67","TAXALT ENGINEERING AND CONSTRUCTION","24ALQPP8208G1ZT","3166667000010912195","PURCHASE BILL",33950,0,0,0,33950,0,3055.5,3055.5,0,"NO","Local Detailed Cache"
412,"2025-09-03","2","AKSHAR ELECTRICAL","24BPCPP9716G2ZQ","3166667000010949060","PURCHASE BILL",37000,0,0,0,37000,0,3330,3330,0,"NO","Local Detailed Cache"
413,"2025-09-03","2451","Samarth & Champion Associates","24AEPFS5351B1Z3","3166667000010995339","PURCHASE BILL",1475,0,0,0,1475,0,132.75,132.75,0,"NO","Local Detailed Cache"
414,"2025-09-03","2452","Samarth & Champion Associates","24AEPFS5351B1Z3","3166667000010995384","PURCHASE BILL",355,0,0,0,355,0,31.95,31.95,0,"NO","Local Detailed Cache"
415,"2025-09-03","25-26/4752","DEEPDEAL ELECTRICALS PRIVATE LIMITED","24AAGCD5792B1ZS","3166667000011037877","PURCHASE BILL",58342.28,0,0.1,0,58342.38,0,5250.81,5250.81,0,"NO","Local Detailed Cache"
416,"2025-09-03","T-1889/25-26","URMI ELECTRICALS","24AIYPV0796Q1ZV","3166667000011547237","PURCHASE BILL",3445,0,0,0,3445,0,310.05,310.05,0,"NO","Local Detailed Cache"
417,"2025-09-03","IE/25-26/296","INFLUX ELECTRIC  CO.","24AAXPO9200H1ZE","3166667000011553045","PURCHASE BILL",226.8,0,0,0,226.8,0,20.41,20.41,0,"NO","Local Detailed Cache"
418,"2025-09-04","SPPL25-26/3046","SHREE LIGHT POWER PVT LTD","24AAPCS4105G1ZH","3166667000011037069","PURCHASE BILL",43000.03,0,-0.03,0,43000,0,3870,3870,0,"NO","Local Detailed Cache"
419,"2025-09-04","SPPL25-26/3047","SHREE LIGHT POWER PVT LTD","24AAPCS4105G1ZH","3166667000011037332","PURCHASE BILL",7868.28,0,0.42,0,7868.7,0,708.15,708.15,0,"NO","Local Detailed Cache"
420,"2025-09-05","P/1770/25-26","POWER LINE","24AAJPC1759K1ZP","3166667000011037001","PURCHASE BILL",3510,0,0.2,0,3510.2,0,315.9,315.9,0,"NO","Local Detailed Cache"
421,"2025-09-05","67","YAMUNAJI PRINTERS","24ACWPD3760G1ZJ","3166667000011042059","PURCHASE BILL",1160,0,0,0,1160,0,104.4,104.4,0,"NO","Local Detailed Cache"
422,"2025-09-05","GST-1868/25-26","JAY  SALES  CORPORATION","24ACUPP3547M1ZV","3166667000011060008","PURCHASE BILL",1836,0,-0.48,0,1835.52,0,165.24,165.24,0,"NO","Local Detailed Cache"
423,"2025-09-05","699/25-26","R.C. AUTOMATION INC.","24AEQPS6234J2ZZ","3166667000011060478","PURCHASE BILL",38492,0,0,0,38492,0,3464.28,3464.28,0,"NO","Local Detailed Cache"
424,"2025-09-05","GST-1555/25-26","GOLDEN CABLE CORPORATION","24AALFG4879J1ZV","3166667000011060763","PURCHASE BILL",60608,0,-0.44,0,60607.56,0,5454.72,5454.72,0,"NO","Local Detailed Cache"
425,"2025-09-05","EES/25-26/28","EVERGREEN ELECTRICAL SERVICES","24GHTPP9763H1ZD","3166667000011072852","PURCHASE BILL",20000,0,0,0,20000,0,1800,1800,0,"NO","Local Detailed Cache"
426,"2025-09-05","T-1926/25-26","URMI ELECTRICALS","24AIYPV0796Q1ZV","3166667000011505592","PURCHASE BILL",3025.17,0,0.29,0,3025.46,0,272.27,272.27,0,"NO","Local Detailed Cache"
427,"2025-09-05","T-1925/25-26","URMI ELECTRICALS","24AIYPV0796Q1ZV","3166667000011505620","PURCHASE BILL",3144.7,0,0.26,0,3144.96,0,283.02,283.02,0,"NO","Local Detailed Cache"
428,"2025-09-05","T-1927/25-26","URMI ELECTRICALS","24AIYPV0796Q1ZV","3166667000011547377","PURCHASE BILL",1640,0,-0.2,0,1639.8,0,147.6,147.6,0,"NO","Local Detailed Cache"
429,"2025-09-05","T-1928/25-26","URMI ELECTRICALS","24AIYPV0796Q1ZV","3166667000011547419","PURCHASE BILL",6124.68,0,-0.12,0,6124.56,0,551.22,551.22,0,"NO","Local Detailed Cache"
430,"2025-09-05","245","MEHSANA STEEL CENTRE","24AACFM3859P1ZS","3166667000010995266","PURCHASE BILL",5129,0,-0.22,0,5128.78,0,461.61,461.61,0,"NO","Local Detailed Cache"
431,"2025-09-06","SPPL25-26/3077","SHREE LIGHT POWER PVT LTD","24AAPCS4105G1ZH","3166667000010995044","PURCHASE BILL",18111.84,0,0.02,0,18111.86,0,1630.07,1630.07,0,"NO","Local Detailed Cache"
432,"2025-09-06","GST-1569/25-26","GOLDEN CABLE CORPORATION","24AALFG4879J1ZV","3166667000011030160","PURCHASE BILL",18392,0,0.44,0,18392.44,0,1655.28,1655.28,0,"NO","Local Detailed Cache"
433,"2025-09-08","AA2450002266","SCHNEIDER ELECTRIC INDIA PVT.LTD. - GJ","24AABCS1624G1ZT","3166667000011037234","PURCHASE BILL",1643123.22,0,0,0,1643123.22,0,147881.09,147881.09,0,"NO","Local Detailed Cache"
434,"2025-09-08","EES/25-26/29","EVERGREEN ELECTRICAL SERVICES","24GHTPP9763H1ZD","3166667000011075072","PURCHASE BILL",68555,0,0.1,0,68555.1,0,6169.95,6169.95,0,"NO","Local Detailed Cache"
435,"2025-09-08","25-26/4851","DEEPDEAL ELECTRICALS PRIVATE LIMITED","24AAGCD5792B1ZS","3166667000011235607","PURCHASE BILL",13430,0,-0.4,0,13429.6,0,1208.7,1208.7,0,"NO","Local Detailed Cache"
436,"2025-09-08","RIS/25-26/764","Raja Industrial Stationery","24BZJPP5136M2ZW","3166667000011383123","PURCHASE BILL",4760,0,0.2,0,4760.2,0,428.4,428.4,0,"NO","Local Detailed Cache"
437,"2025-09-08","T-1946/25-26","URMI ELECTRICALS","24AIYPV0796Q1ZV","3166667000011551001","PURCHASE BILL",5299.2,0,-0.06,0,5299.139999999999,0,476.93,476.93,0,"NO","Local Detailed Cache"
438,"2025-09-08","1231","Electro Sales Corporation","24AOOPP7070F1ZP","3166667000011553240","PURCHASE BILL",4737.89,0,0,0,4737.89,0,426.42,426.42,0,"NO","Local Detailed Cache"
439,"2025-09-09","4925/25-26","Zaral Electricals","24ACEPM6740R1Z3","3166667000010995480","PURCHASE BILL",96000,0,0,0,96000,0,8640,8640,0,"NO","Local Detailed Cache"
440,"2025-09-09","71","TAXALT ENGINEERING AND CONSTRUCTION","24ALQPP8208G1ZT","3166667000011019005","PURCHASE BILL",62546.57,0,0,0,62546.57,0,5629.19,5629.19,0,"NO","Local Detailed Cache"
441,"2025-09-09","69","TAXALT ENGINEERING AND CONSTRUCTION","24ALQPP8208G1ZT","3166667000011019090","PURCHASE BILL",36860,0,0,0,36860,0,3317.4,3317.4,0,"NO","Local Detailed Cache"
442,"2025-09-09","70","TAXALT ENGINEERING AND CONSTRUCTION","24ALQPP8208G1ZT","3166667000011019158","PURCHASE BILL",294880,0,0,0,294880,0,26539.2,26539.2,0,"NO","Local Detailed Cache"
443,"2025-09-09","GST-02137/25-26","Shree Laxmi Industrial Electric","24FIBPP9779R1Z0","3166667000011060248","PURCHASE BILL",31172.54,0,0.4,0,31172.940000000002,0,2805.53,2805.53,0,"NO","Local Detailed Cache"
444,"2025-09-09","3","AKSHAR ELECTRICAL","24BPCPP9716G2ZQ","3166667000011064304","PURCHASE BILL",475000,0,0,0,475000,0,42750,42750,0,"NO","Local Detailed Cache"
445,"2025-09-09","RIS/25-26/765","Raja Industrial Stationery","24BZJPP5136M2ZW","3166667000011383427","PURCHASE BILL",4518,0,-0.24,0,4517.76,0,406.62,406.62,0,"NO","Local Detailed Cache"
446,"2025-09-10","NDE/2723/2025-26","NAVDURGA ENTERPRISE","24EUBPB8637R1Z4","3166667000011505246","PURCHASE BILL",595,0,-0.1,0,594.9,0,53.55,53.55,0,"NO","Local Detailed Cache"
447,"2025-09-10","GST/2025-26/628","NEXUS ENGINEERING","24ATWPP7282L1ZO","3166667000011509309","PURCHASE BILL",34220,0,0.4,0,34220.4,0,3079.8,3079.8,0,"NO","Local Detailed Cache"
448,"2025-09-10","RBR26D000808","CARAVEL MOTORS PRIVATE LIMITED","24AAACP7826N1Z2","3166667000011539554","PURCHASE BILL",8669.51,0,0,0,8669.51,0,1077.13,1077.13,0,"NO","Local Detailed Cache"
449,"2025-09-10","6/BC/25009343","R B Cars Pvt Ltd","24AAECR0683F1ZK","3166667000011547023","PURCHASE BILL",4760.62,0,0,0,4760.62,0,428.46,428.46,0,"NO","Local Detailed Cache"
450,"2025-09-11","IE/25-26/318","INFLUX ELECTRIC  CO.","24AAXPO9200H1ZE","3166667000011060693","PURCHASE BILL",517,0,0,0,517,0,46.53,46.53,0,"NO","Local Detailed Cache"
451,"2025-09-11","3570","Vidhata Traders","24AKRPP0345G1Z4","3166667000011072915","PURCHASE BILL",7348.38,0,0.08,0,7348.46,0,1028.77,1028.77,0,"NO","Local Detailed Cache"
452,"2025-09-11","AEPB/0227/25-26","AKSHAR ELECTRIC PANEL BOARDS PRIVATE LIMITED","24ABACA6801F1Z7","3166667000011361680","PURCHASE BILL",255000,0,0,0,255000,0,22950,22950,0,"NO","Local Detailed Cache"
453,"2025-09-12","GST-1626/25-26","GOLDEN CABLE CORPORATION","24AALFG4879J1ZV","3166667000011060847","PURCHASE BILL",125784,0,-0.12,0,125783.88,0,11320.56,11320.56,0,"NO","Local Detailed Cache"
454,"2025-09-12","EES/25-26/30","EVERGREEN ELECTRICAL SERVICES","24GHTPP9763H1ZD","3166667000011075285","PURCHASE BILL",71900,0,0,0,71900,0,6471,6471,0,"NO","Local Detailed Cache"
455,"2025-09-12","T/144","D K ENTERPRISE","24AJKPD3044L1ZC","3166667000011458243","PURCHASE BILL",40800,0,0,0,40800,0,3672,3672,0,"NO","Local Detailed Cache"
456,"2025-09-13","1284","Electro Sales Corporation","24AOOPP7070F1ZP","3166667000011363420","PURCHASE BILL",4632.21,0,0.26,0,4632.47,0,416.9,416.9,0,"NO","Local Detailed Cache"
457,"2025-09-13","RRPT/25-26/440","RAJ RATAN POWER TRANSMISSION","24AASFR3357B1Z7","3166667000011258006","PURCHASE BILL",68000,0,0,0,68000,0,6120,6120,0,"NO","Local Detailed Cache"
458,"2025-09-15","73","TAXALT ENGINEERING AND CONSTRUCTION","24ALQPP8208G1ZT","3166667000011083005","PURCHASE BILL",131371.5,0,0,0,131371.5,0,11823.44,11823.44,0,"NO","Local Detailed Cache"
459,"2025-09-15","DE/00105/25-26","DYNAMIC ENGINEERS","24BKHPP0635G1ZC","3166667000011235226","PURCHASE BILL",7000,0,0,0,7000,0,630,630,0,"NO","Local Detailed Cache"
460,"2025-09-15","P/1859/25-26","POWER LINE","24AAJPC1759K1ZP","3166667000011553328","PURCHASE BILL",131176,0,0.32,0,131176.32,0,11805.84,11805.84,0,"NO","Local Detailed Cache"
461,"2025-09-16","1025260262602","ZOHO Corporation Private Limited","33AAACZ4322M2Z9","3166667000011080153","PURCHASE BILL",8200,0,0,0,8200,1476,0,0,0,"NO","Local Detailed Cache"
462,"2025-09-16","74","TAXALT ENGINEERING AND CONSTRUCTION","24ALQPP8208G1ZT","3166667000011080577","PURCHASE BILL",46627.9,0,0.08,0,46627.98,0,4196.51,4196.51,0,"NO","Local Detailed Cache"
463,"2025-09-16","75","TAXALT ENGINEERING AND CONSTRUCTION","24ALQPP8208G1ZT","3166667000011103374","PURCHASE BILL",37345.97,0,0,0,37345.97,0,3361.14,3361.14,0,"NO","Local Detailed Cache"
464,"2025-09-16","76","TAXALT ENGINEERING AND CONSTRUCTION","24ALQPP8208G1ZT","3166667000011103495","PURCHASE BILL",37345.97,0,0,0,37345.97,0,3361.14,3361.14,0,"NO","Local Detailed Cache"
465,"2025-09-16","G/0124","FAB ENGINEERS","24AAXPD4748B1ZQ","3166667000011235291","PURCHASE BILL",22000,0,0,0,22000,0,1980,1980,0,"NO","Local Detailed Cache"
466,"2025-09-17","1329","Electro Sales Corporation","24AOOPP7070F1ZP","3166667000011080292","PURCHASE BILL",6677.12,0,0,0,6677.12,0,600.94,600.94,0,"NO","Local Detailed Cache"
467,"2025-09-17","GST-2011/25-26","JAY  SALES  CORPORATION","24ACUPP3547M1ZV","3166667000011080387","PURCHASE BILL",62520,0,0.38,0,62520.38,0,5626.81,5626.81,0,"NO","Local Detailed Cache"
468,"2025-09-17","653","INDIAN ELECTRIC AND POWER CONTROL INC.","24ABDPH6028D1Z7","3166667000011080508","PURCHASE BILL",64612,0,0,0,64612,0,5815.08,5815.08,0,"NO","Local Detailed Cache"
469,"2025-09-17","2523863","OM RAVI TRANSPORT COMPANY","24AADFO8190Q1ZL","3166667000011553462","PURCHASE BILL",2020,0,0,0,2020,0,0,0,0,"YES","Local Detailed Cache"
470,"2025-09-19","IE/25-26/336","INFLUX ELECTRIC  CO.","24AAXPO9200H1ZE","3166667000011363081","PURCHASE BILL",7261.21,0,-0.23,0,7260.9800000000005,0,653.51,653.51,0,"NO","Local Detailed Cache"
471,"2025-09-20","NCB2626498691892","HDFC Bank Ltd","24AAACH2702H1Z6","3166667000011553400","PURCHASE BILL",586.95,0,0,0,586.95,0,52.83,52.83,0,"NO","Local Detailed Cache"
472,"2025-09-22","NE001592/BRD","SHREE NM ELECTRICALS LTD.","24AADCS6037P1ZZ","3166667000011151057","PURCHASE BILL",31006,0,-0.08,0,31005.92,0,2790.54,2790.54,0,"NO","Local Detailed Cache"
473,"2025-09-22","GST-02346/25-26","Shree Laxmi Industrial Electric","24FIBPP9779R1Z0","3166667000011235871","PURCHASE BILL",960,0,0.2,0,960.2,0,86.4,86.4,0,"NO","Local Detailed Cache"
474,"2025-09-22","16","3S SALES CORPORATION","24CJPPK4679H1ZO","3166667000011260006","PURCHASE BILL",9800,0,0,0,9800,0,882,882,0,"NO","Local Detailed Cache"
475,"2025-09-22","2502647","ACTIVE ENTERPRISE","24AAFFA7099E1ZG","3166667000011363339","PURCHASE BILL",9023,0,-0.14,0,9022.86,0,812.07,812.07,0,"NO","Local Detailed Cache"
476,"2025-09-22","P/1969/25-26","POWER LINE","24AAJPC1759K1ZP","3166667000011458532","PURCHASE BILL",80800,0,0,0,80800,0,7272,7272,0,"NO","Local Detailed Cache"
477,"2025-09-22","T-2156/25-26","URMI ELECTRICALS","24AIYPV0796Q1ZV","3166667000011505686","PURCHASE BILL",2927.5,0,-0.46,0,2927.04,0,263.48,263.48,0,"NO","Local Detailed Cache"
478,"2025-09-22","IE/25-26/342","INFLUX ELECTRIC  CO.","24AAXPO9200H1ZE","3166667000011553087","PURCHASE BILL",23544.5,0,0,0,23544.5,0,2119.01,2119.01,0,"NO","Local Detailed Cache"
479,"2025-09-22","IE/25-26/343","INFLUX ELECTRIC  CO.","24AAXPO9200H1ZE","3166667000011553135","PURCHASE BILL",2177.61,0,0,0,2177.61,0,195.98,195.98,0,"NO","Local Detailed Cache"
480,"2025-09-22","6258","SHIV SUPPLY COMPANY","24AEDPG1014M1ZZ","3166667000011553196","PURCHASE BILL",3600,0,0,0,3600,0,324,324,0,"NO","Local Detailed Cache"
481,"2025-09-23","2502654","ACTIVE ENTERPRISE","24AAFFA7099E1ZG","3166667000011235667","PURCHASE BILL",16620,0,0.4,0,16620.4,0,1495.8,1495.8,0,"NO","Local Detailed Cache"
482,"2025-09-23","5385/25-26","Zaral Electricals","24ACEPM6740R1Z3","3166667000011235729","PURCHASE BILL",1449.99,0,0.01,0,1450,0,130.5,130.5,0,"NO","Local Detailed Cache"
483,"2025-09-23","1384","Electro Sales Corporation","24AOOPP7070F1ZP","3166667000011363285","PURCHASE BILL",288,0,0.16,0,288.16,0,25.92,25.92,0,"NO","Local Detailed Cache"
484,"2025-09-23","AA2450002438","SCHNEIDER ELECTRIC INDIA PVT.LTD. - GJ","24AABCS1624G1ZT","3166667000011248006","PURCHASE BILL",65305.38,0,0,0,65305.38,0,5877.48,5877.48,0,"NO","Local Detailed Cache"
485,"2025-09-24","25-26/5455","DEEPDEAL ELECTRICALS PRIVATE LIMITED","24AAGCD5792B1ZS","3166667000011361565","PURCHASE BILL",57315,0,0.3,0,57315.3,0,5158.35,5158.35,0,"NO","Local Detailed Cache"
486,"2025-09-24","273","MEHSANA STEEL CENTRE","24AACFM3859P1ZS","3166667000011361971","PURCHASE BILL",27797.6,0,-0.16,0,27797.44,0,2501.78,2501.78,0,"NO","Local Detailed Cache"
487,"2025-09-24","25-26/5443","DEEPDEAL ELECTRICALS PRIVATE LIMITED","24AAGCD5792B1ZS","3166667000011363186","PURCHASE BILL",3086.4,0,0.04,0,3086.44,0,277.78,277.78,0,"NO","Local Detailed Cache"
488,"2025-09-24","062","Sai Electrical Services","24BTUPM8377E1Z1","3166667000011505152","PURCHASE BILL",75000,0,0,0,75000,0,6750,6750,0,"NO","Local Detailed Cache"
489,"2025-09-24","T-2162/25-26","URMI ELECTRICALS","24AIYPV0796Q1ZV","3166667000011505648","PURCHASE BILL",8128,0,-0.04,0,8127.96,0,731.52,731.52,0,"NO","Local Detailed Cache"
490,"2025-09-25","25-26/10","R.K. CRANE","24HYPPK5741A1ZE","3166667000011303899","PURCHASE BILL",64350,0,0,0,64350,0,5791.5,5791.5,0,"NO","Local Detailed Cache"
491,"2025-09-25","P/2010/25-26","POWER LINE","24AAJPC1759K1ZP","3166667000011361493","PURCHASE BILL",10150,0,0,0,10150,0,913.5,913.5,0,"NO","Local Detailed Cache"
492,"2025-09-25","T-2191/25-26","URMI ELECTRICALS","24AIYPV0796Q1ZV","3166667000011505724","PURCHASE BILL",1840,0,0,0,1840,0,165.6,165.6,0,"NO","Local Detailed Cache"
493,"2025-09-25","T-2189/25-26","URMI ELECTRICALS","24AIYPV0796Q1ZV","3166667000011553001","PURCHASE BILL",1960,0,0.2,0,1960.2,0,176.4,176.4,0,"NO","Local Detailed Cache"
494,"2025-09-26","5037/25-26","Zaral Electricals","24ACEPM6740R1Z3","3166667000011235363","PURCHASE BILL",8700,0,0,0,8700,0,0,0,0,"NO","Local Detailed Cache"
495,"2025-09-26","25-26/5275","DEEPDEAL ELECTRICALS PRIVATE LIMITED","24AAGCD5792B1ZS","3166667000011235814","PURCHASE BILL",5610,0,0.2,0,5610.2,0,504.9,504.9,0,"NO","Local Detailed Cache"
496,"2025-09-26","BRD/478/25-26","ETP EARTHING & LPS SOLUTION PRIVATE LIMITED","24AAGCE1992C1ZV","3166667000011255056","PURCHASE BILL",73375,0,0.5,0,73375.5,0,5336.25,5336.25,0,"NO","Local Detailed Cache"
497,"2025-09-26","679/25-26","SHRINATHJI METAL CORPORATION","24AHXPS2830E1Z4","3166667000011260087","PURCHASE BILL",49875,0,-0.5,0,49874.5,0,4488.75,4488.75,0,"NO","Local Detailed Cache"
498,"2025-09-27","T/158","D K ENTERPRISE","24AJKPD3044L1ZC","3166667000011275100","PURCHASE BILL",2520,0,0.4,0,2520.4,0,226.8,226.8,0,"NO","Local Detailed Cache"
499,"2025-09-27","25-26/5528","DEEPDEAL ELECTRICALS PRIVATE LIMITED","24AAGCD5792B1ZS","3166667000011303667","PURCHASE BILL",1280,0,-0.4,0,1279.6,0,115.2,115.2,0,"NO","Local Detailed Cache"
500,"2025-09-27","25-26/5530","DEEPDEAL ELECTRICALS PRIVATE LIMITED","24AAGCD5792B1ZS","3166667000011303766","PURCHASE BILL",2805,0,0.1,0,2805.1,0,252.45,252.45,0,"NO","Local Detailed Cache"
501,"2025-09-29","085/25-26","Ashutosh Markting","24AAVPT5462C1ZD","3166667000011303965","PURCHASE BILL",30500,0,0,0,30500,0,2745,2745,0,"NO","Local Detailed Cache"
502,"2025-09-29","1186","CHAMUNDA HARDWARE AND TRADERS","24ALJPP8970A1ZZ","3166667000011458856","PURCHASE BILL",3175,0,0.5,0,3175.5,0,285.75,285.75,0,"NO","Local Detailed Cache"
503,"2025-09-30","2025/26/006","MR .ATIT KIRITBHAI SHAH","","3166667000011357001","PURCHASE BILL",34231,0,0,0,34231,0,0,0,0,"NO","Local Detailed Cache"
504,"2025-09-30","2025/26/003","MR. SANJAYKUMAR F RATHOD","","3166667000011383025","PURCHASE BILL",28846,0,0,0,28846,0,0,0,0,"NO","Local Detailed Cache"
505,"2025-09-30","RIS/25-26/884","Raja Industrial Stationery","24BZJPP5136M2ZW","3166667000011383299","PURCHASE BILL",3607,0,-0.26,0,3606.74,0,324.63,324.63,0,"NO","Local Detailed Cache"
506,"2025-09-30","0002","Anita Pratik Kumar","","3166667000015156093","PURCHASE BILL",25000,0,0,0,25000,0,0,0,0,"NO","Local Detailed Cache"
507,"2025-10-01","SPPL25-26/3588","SHREE LIGHT POWER PVT LTD","24AAPCS4105G1ZH","3166667000011361909","PURCHASE BILL",4044.15,0,-0.09,0,4044.06,0,363.97,363.97,0,"NO","Local Detailed Cache"
508,"2025-10-01","GST-1833/25-26","GOLDEN CABLE CORPORATION","24AALFG4879J1ZV","3166667000011691683","PURCHASE BILL",94416,0,0.12,0,94416.12,0,8497.44,8497.44,0,"NO","Local Detailed Cache"
509,"2025-10-01","T-2244/25-26","URMI ELECTRICALS","24AIYPV0796Q1ZV","3166667000012052818","PURCHASE BILL",3743.35,0,-0.15,0,3743.2,0,336.9,336.9,0,"NO","Local Detailed Cache"
510,"2025-10-01","1459","Electro Sales Corporation","24AOOPP7070F1ZP","3166667000012057240","PURCHASE BILL",3760.13,0,0,0,3760.13,0,338.41,338.41,0,"NO","Local Detailed Cache"
511,"2025-10-03","4","AKSHAR ELECTRICAL","24BPCPP9716G2ZQ","3166667000011402781","PURCHASE BILL",19000,0,0,0,19000,0,1710,1710,0,"NO","Local Detailed Cache"
512,"2025-10-03","008","Gohel Meet Dharmendrakumar","","3166667000011797786","PURCHASE BILL",5000,0,0,0,5000,0,0,0,0,"NO","Local Detailed Cache"
513,"2025-10-03","11/BC/25004674","R B Cars Pvt Ltd","24AAECR0683F1ZK","3166667000012057563","PURCHASE BILL",3681.85,0,0,0,3681.85,0,331.37,331.37,0,"NO","Local Detailed Cache"
514,"2025-10-03","GST-02497/25-26","Shree Laxmi Industrial Electric","24FIBPP9779R1Z0","3166667000012060182","PURCHASE BILL",68203.12,0,0.32,0,68203.44,0,6138.28,6138.28,0,"NO","Local Detailed Cache"
515,"2025-10-04","11/BC/25004706","R B Cars Pvt Ltd","24AAECR0683F1ZK","3166667000012057605","PURCHASE BILL",2347.65,0,-0.23,0,2347.42,0,211.29,211.29,0,"NO","Local Detailed Cache"
516,"2025-10-04","065","Sai Electrical Services","24BTUPM8377E1Z1","3166667000011361442","PURCHASE BILL",115000,0,0,0,115000,0,10350,10350,0,"NO","Local Detailed Cache"
517,"2025-10-04","P/2150/25-26","POWER LINE","24AAJPC1759K1ZP","3166667000011458442","PURCHASE BILL",41634,0,-0.12,0,41633.88,0,3747.06,3747.06,0,"NO","Local Detailed Cache"
518,"2025-10-05","96/25-26","WEST-COAST RENTALS","24AABFW6467A1ZC","3166667000011505272","PURCHASE BILL",4000,0,0,0,4000,0,360,360,0,"NO","Local Detailed Cache"
519,"2025-10-06","E1339","E LINK ENTERPRISE","24AAHFE6831G2ZJ","3166667000011458669","PURCHASE BILL",5000,0,0,0,5000,0,450,450,0,"NO","Local Detailed Cache"
520,"2025-10-06","1484","Electro Sales Corporation","24AOOPP7070F1ZP","3166667000011515157","PURCHASE BILL",940.03,0,-0.23,0,939.8,0,84.6,84.6,0,"NO","Local Detailed Cache"
521,"2025-10-06","IE/25-26/365","INFLUX ELECTRIC  CO.","24AAXPO9200H1ZE","3166667000011515404","PURCHASE BILL",8025,0,0,0,8025,0,722.25,722.25,0,"NO","Local Detailed Cache"
522,"2025-10-06","IE/25-26/364","INFLUX ELECTRIC  CO.","24AAXPO9200H1ZE","3166667000011515666","PURCHASE BILL",5214,0,0,0,5214,0,469.26,469.26,0,"NO","Local Detailed Cache"
523,"2025-10-06","226","KAILASH ELECTRICAL AND TOOLS","24BVIPP2209L1ZG","3166667000011908646","PURCHASE BILL",1200,0,0,0,1200,0,108,108,0,"NO","Local Detailed Cache"
524,"2025-10-06","FCU2627942473774","HDFC Bank Ltd","24AAACH2702H1Z6","3166667000012057890","PURCHASE BILL",1000,0,0,0,1000,0,90,90,0,"NO","Local Detailed Cache"
525,"2025-10-07","DG031","DREAM DIGITECH","24ATDPM9034C1ZZ","3166667000011691744","PURCHASE BILL",2600,0,0,0,2600,0,234,234,0,"NO","Local Detailed Cache"
526,"2025-10-08","EES/25-26/37","EVERGREEN ELECTRICAL SERVICES","24GHTPP9763H1ZD","3166667000011458590","PURCHASE BILL",350240,0,0,0,350240,0,31521.6,31521.6,0,"NO","Local Detailed Cache"
527,"2025-10-08","MS-52","MS ENTERPRISE","24FETPK6429F1Z4","3166667000011691898","PURCHASE BILL",5000,0,0,0,5000,0,450,450,0,"NO","Local Detailed Cache"
528,"2025-10-08","3070","Samarth & Champion Associates","24AEPFS5351B1Z3","3166667000011797025","PURCHASE BILL",510,0,0,0,510,0,45.9,45.9,0,"NO","Local Detailed Cache"
529,"2025-10-08","1262","CHAMUNDA HARDWARE AND TRADERS","24ALJPP8970A1ZZ","3166667000011955129","PURCHASE BILL",2620,0,0.4,0,2620.4,0,235.8,235.8,0,"NO","Local Detailed Cache"
530,"2025-10-08","T-2343/25-26","URMI ELECTRICALS","24AIYPV0796Q1ZV","3166667000012035761","PURCHASE BILL",20738.1,0,0.04,0,20738.14,0,1866.43,1866.43,0,"NO","Local Detailed Cache"
531,"2025-10-08","T-2344/25-26","URMI ELECTRICALS","24AIYPV0796Q1ZV","3166667000012052928","PURCHASE BILL",4910.63,0,0.45,0,4911.08,0,441.96,441.96,0,"NO","Local Detailed Cache"
532,"2025-10-09","ME/07985/25-26","MAHENDRA ELECTRICALS","24ACRPG8660K1Z3","3166667000011427291","PURCHASE BILL",835000,0,0,0,835000,0,75150,75150,0,"NO","Local Detailed Cache"
533,"2025-10-09","T/173","D K ENTERPRISE","24AJKPD3044L1ZC","3166667000011458808","PURCHASE BILL",5570,0,0.4,0,5570.4,0,501.3,501.3,0,"NO","Local Detailed Cache"
534,"2025-10-09","79","TAXALT ENGINEERING AND CONSTRUCTION","24ALQPP8208G1ZT","3166667000011487219","PURCHASE BILL",29760,0,0,0,29760,0,2678.4,2678.4,0,"NO","Local Detailed Cache"
535,"2025-10-09","T-2350/25-26","URMI ELECTRICALS","24AIYPV0796Q1ZV","3166667000012009450","PURCHASE BILL",3230.08,0,-0.48,0,3229.6,0,290.7,290.7,0,"NO","Local Detailed Cache"
536,"2025-10-10","GST-02589/25-26","Shree Laxmi Industrial Electric","24FIBPP9779R1Z0","3166667000011702057","PURCHASE BILL",9788.81,0,0.21,0,9789.019999999999,0,880.99,880.99,0,"NO","Local Detailed Cache"
537,"2025-10-10","T-2384/25-26","URMI ELECTRICALS","24AIYPV0796Q1ZV","3166667000012009323","PURCHASE BILL",2302,0,-0.36,0,2301.64,0,207.18,207.18,0,"NO","Local Detailed Cache"
538,"2025-10-10","T-2364/25-26","URMI ELECTRICALS","24AIYPV0796Q1ZV","3166667000012009397","PURCHASE BILL",2581.8,0,0.48,0,2582.28,0,232.36,232.36,0,"NO","Local Detailed Cache"
539,"2025-10-10","T-2367/25-26","URMI ELECTRICALS","24AIYPV0796Q1ZV","3166667000012052760","PURCHASE BILL",68077.3,0,-0.22,0,68077.08,0,6126.96,6126.96,0,"NO","Local Detailed Cache"
540,"2025-10-10","1524","Electro Sales Corporation","24AOOPP7070F1ZP","3166667000011505304","PURCHASE BILL",11321.16,0,0.04,0,11321.2,0,1018.9,1018.9,0,"NO","Local Detailed Cache"
541,"2025-10-10","734/25-26","SHRINATHJI METAL CORPORATION","24AHXPS2830E1Z4","3166667000011505378","PURCHASE BILL",22290,0,-0.2,0,22289.8,0,2006.1,2006.1,0,"NO","Local Detailed Cache"
542,"2025-10-10","ME/08021/25-26","MAHENDRA ELECTRICALS","24ACRPG8660K1Z3","3166667000011505410","PURCHASE BILL",131232,0,0.24,0,131232.24,0,11810.88,11810.88,0,"NO","Local Detailed Cache"
543,"2025-10-10","SPPL25-26/3771","SHREE LIGHT POWER PVT LTD","24AAPCS4105G1ZH","3166667000011505455","PURCHASE BILL",18175.97,0,0.35,0,18176.32,0,1635.84,1635.84,0,"NO","Local Detailed Cache"
544,"2025-10-10","GST-1953/25-26","GOLDEN CABLE CORPORATION","24AALFG4879J1ZV","3166667000011505502","PURCHASE BILL",60592,0,0.44,0,60592.44,0,5453.28,5453.28,0,"NO","Local Detailed Cache"
545,"2025-10-10","1025260305112","ZOHO Corporation Private Limited","33AAACZ4322M2Z9","3166667000011505545","PURCHASE BILL",700,0,0,0,700,126,0,0,0,"NO","Local Detailed Cache"
546,"2025-10-10","NE001726/BRD","SHREE NM ELECTRICALS LTD.","24AADCS6037P1ZZ","3166667000011509500","PURCHASE BILL",16727,0,0.14,0,16727.14,0,1505.43,1505.43,0,"NO","Local Detailed Cache"
547,"2025-10-11","NE001711/BRD","SHREE NM ELECTRICALS LTD.","24AADCS6037P1ZZ","3166667000011484005","PURCHASE BILL",67443.2,0,0.02,0,67443.22,0,6069.89,6069.89,0,"NO","Local Detailed Cache"
548,"2025-10-11","SPE/25-26/702","S. P. ENTERPRISE","24AQNPP8503E1ZS","3166667000011505059","PURCHASE BILL",60900,0,0,0,60900,0,5481,5481,0,"NO","Local Detailed Cache"
549,"2025-10-11","000523/25-26","SIDDHANT ENTERPRISE","24ADEPK9895Q1ZJ","3166667000011702703","PURCHASE BILL",11550,0,0,0,11550,0,1039.5,1039.5,0,"NO","Local Detailed Cache"
550,"2025-10-11","P/2264/25-26","POWER LINE","24AAJPC1759K1ZP","3166667000012052996","PURCHASE BILL",12793,0,0.26,0,12793.26,0,1151.37,1151.37,0,"NO","Local Detailed Cache"
551,"2025-10-13","GST-02626/25-26","Shree Laxmi Industrial Electric","24FIBPP9779R1Z0","3166667000011505345","PURCHASE BILL",1800,0,0,0,1800,0,162,162,0,"NO","Local Detailed Cache"
552,"2025-10-13","T-2436/25-26","URMI ELECTRICALS","24AIYPV0796Q1ZV","3166667000012009243","PURCHASE BILL",380,0,-0.4,0,379.6,0,34.2,34.2,0,"NO","Local Detailed Cache"
553,"2025-10-13","T-2444/25-26","URMI ELECTRICALS","24AIYPV0796Q1ZV","3166667000012052593","PURCHASE BILL",8162.79,0,0,0,8162.79,0,734.65,734.65,0,"NO","Local Detailed Cache"
554,"2025-10-14","6074/25-26","Zaral Electricals","24ACEPM6740R1Z3","3166667000011515303","PURCHASE BILL",675,0,0.5,0,675.5,0,60.75,60.75,0,"NO","Local Detailed Cache"
555,"2025-10-14","762/25-26","SHRINATHJI METAL CORPORATION","24AHXPS2830E1Z4","3166667000011515520","PURCHASE BILL",9153.5,0,-0.14,0,9153.36,0,823.82,823.82,0,"NO","Local Detailed Cache"
556,"2025-10-14","25-26/6074","DEEPDEAL ELECTRICALS PRIVATE LIMITED","24AAGCD5792B1ZS","3166667000011702899","PURCHASE BILL",508.3,0,0.2,0,508.5,0,45.75,45.75,0,"NO","Local Detailed Cache"
557,"2025-10-14","AA2450002665","SCHNEIDER ELECTRIC INDIA PVT.LTD. - GJ","24AABCS1624G1ZT","3166667000011713101","PURCHASE BILL",2650,0,0,0,2650,0,238.5,238.5,0,"NO","Local Detailed Cache"
558,"2025-10-14","AA2450002666","SCHNEIDER ELECTRIC INDIA PVT.LTD. - GJ","24AABCS1624G1ZT","3166667000011748112","PURCHASE BILL",53118.22,0,0,0,53118.22,0,4780.64,4780.64,0,"NO","Local Detailed Cache"
559,"2025-10-14","AA2450002668","SCHNEIDER ELECTRIC INDIA PVT.LTD. - GJ","24AABCS1624G1ZT","3166667000011748628","PURCHASE BILL",690495,0,0,0,690495,0,62144.55,62144.55,0,"NO","Local Detailed Cache"
560,"2025-10-14","JFPL/25-26/0720","JAGDISH FOODS PRIVATE LIMITED","24AAACJ4847K1ZF","3166667000011757001","PURCHASE BILL",92800,0,0,0,92800,0,2320,2320,0,"NO","Local Detailed Cache"
561,"2025-10-14","P/2299/25-26","POWER LINE","24AAJPC1759K1ZP","3166667000012057038","PURCHASE BILL",28280,0,-0.4,0,28279.6,0,2545.2,2545.2,0,"NO","Local Detailed Cache"
562,"2025-10-14","AA2750120525","SCHNEIDER ELECTRIC INDIA PVT.LTD. - GJ","27AABCS1624G1ZN","3166667000012057771","PURCHASE BILL",54627.3,0,0,0,54627.3,9832.91,0,0,0,"NO","Local Detailed Cache"
563,"2025-10-14","NDE/3286/2025-26","NAVDURGA ENTERPRISE","24EUBPB8637R1Z4","3166667000012057848","PURCHASE BILL",1009.2,0,0,0,1009.2,0,90.83,90.83,0,"NO","Local Detailed Cache"
564,"2025-10-14","IE/25-26/382","INFLUX ELECTRIC  CO.","24AAXPO9200H1ZE","3166667000012057992","PURCHASE BILL",3584,0,-0.12,0,3583.88,0,322.56,322.56,0,"NO","Local Detailed Cache"
565,"2025-10-15","25-26/1461","SUBODHAN ENGINEERS PUNE PVT LTD","27AACCS3640K1Z9","3166667000011797293","PURCHASE BILL",57500,0,0,0,57500,10350,0,0,0,"NO","Local Detailed Cache"
566,"2025-10-15","1558","Electro Sales Corporation","24AOOPP7070F1ZP","3166667000011853178","PURCHASE BILL",1643.76,0,0.36,0,1644.12,0,147.94,147.94,0,"NO","Local Detailed Cache"
567,"2025-10-15","T-2483/25-26","URMI ELECTRICALS","24AIYPV0796Q1ZV","3166667000012009131","PURCHASE BILL",1891,0,-0.38,0,1890.62,0,170.19,170.19,0,"NO","Local Detailed Cache"
568,"2025-10-15","T-2484/25-26","URMI ELECTRICALS","24AIYPV0796Q1ZV","3166667000012009187","PURCHASE BILL",4846.08,0,-0.38,0,4845.7,0,436.15,436.15,0,"NO","Local Detailed Cache"
569,"2025-10-15","PAL/4058/25-26","PROLITE AUTOGLO LIMITED","27AAECP4490L1ZY","3166667000011702518","PURCHASE BILL",3450,0,0,0,3450,621,0,0,0,"NO","Local Detailed Cache"
570,"2025-10-15","25-26/6129","DEEPDEAL ELECTRICALS PRIVATE LIMITED","24AAGCD5792B1ZS","3166667000011702968","PURCHASE BILL",12521.6,0,-0.48,0,12521.12,0,1126.94,1126.94,0,"NO","Local Detailed Cache"
571,"2025-10-15","JFPL/25-26/0812","JAGDISH FOODS PRIVATE LIMITED","24AAACJ4847K1ZF","3166667000011748924","PURCHASE BILL",542.86,0,0,0,542.86,0,13.57,13.57,0,"NO","Local Detailed Cache"
572,"2025-10-15","JFPL/25-26/0813","JAGDISH FOODS PRIVATE LIMITED","24AAACJ4847K1ZF","3166667000011748968","PURCHASE BILL",766.67,0,-0.01,0,766.66,0,19.17,19.17,0,"NO","Local Detailed Cache"
573,"2025-10-16","80","TAXALT ENGINEERING AND CONSTRUCTION","24ALQPP8208G1ZT","3166667000011577001","PURCHASE BILL",378242,0,0,0,378242,0,34041.78,34041.78,0,"NO","Local Detailed Cache"
574,"2025-10-16","070","Sai Electrical Services","24BTUPM8377E1Z1","3166667000011578371","PURCHASE BILL",50000,0,0,0,50000,0,4500,4500,0,"NO","Local Detailed Cache"
575,"2025-10-16","SCA1609","Samarth & Champion Associates","24AEPFS5351B1Z3","3166667000011713164","PURCHASE BILL",666,0,0,0,666,0,59.94,59.94,0,"NO","Local Detailed Cache"
576,"2025-10-16","25-26/6137","DEEPDEAL ELECTRICALS PRIVATE LIMITED","24AAGCD5792B1ZS","3166667000011713214","PURCHASE BILL",2805,0,0.1,0,2805.1,0,252.45,252.45,0,"NO","Local Detailed Cache"
577,"2025-10-16","9738/25-26","ATMIYA  ISPAT","24AATFA0743P1Z2","3166667000011713269","PURCHASE BILL",91193,0,0.26,0,91193.26,0,8207.37,8207.37,0,"NO","Local Detailed Cache"
578,"2025-10-16","20252026303917","SURE SAFETY (INDIA) LIMITED","24AASCS4853Q1ZE","3166667000011713365","PURCHASE BILL",13500,0,0,0,13500,0,1215,1215,0,"NO","Local Detailed Cache"
579,"2025-10-16","072","Sai Electrical Services","24BTUPM8377E1Z1","3166667000011713466","PURCHASE BILL",65000,0,0,0,65000,0,5850,5850,0,"NO","Local Detailed Cache"
580,"2025-10-16","301","MEHSANA STEEL CENTRE","24AACFM3859P1ZS","3166667000011713609","PURCHASE BILL",10886.5,0,-0.08,0,10886.42,0,979.79,979.79,0,"NO","Local Detailed Cache"
581,"2025-10-16","ME/3155/2025-26","MANN ENGINEERS","24AAKHM5573J1ZT","3166667000011713689","PURCHASE BILL",900,0,0,0,900,0,22.5,22.5,0,"NO","Local Detailed Cache"
582,"2025-10-16","JFPL/25-26/0855","JAGDISH FOODS PRIVATE LIMITED","24AAACJ4847K1ZF","3166667000011748880","PURCHASE BILL",2057.14,0,0,0,2057.14,0,51.43,51.43,0,"NO","Local Detailed Cache"
583,"2025-10-16","GST075","AHURA GAS ENTERPRISES P LTD.","24AABCA5855D1Z0","3166667000012057647","PURCHASE BILL",160000,0,0,0,160000,0,14400,14400,0,"NO","Local Detailed Cache"
584,"2025-10-16","GRSS/2526/05647","SARA GANDEVIKAR JEWELLERS PRIVATE LIMITED","24AAFCG2883B1ZW","3166667000012058741","PURCHASE BILL",387379,0,-0.38,0,387378.62,0,5810.69,5810.69,0,"NO","Local Detailed Cache"
585,"2025-10-17","NE001790/BRD","SHREE NM ELECTRICALS LTD.","24AADCS6037P1ZZ","3166667000011593005","PURCHASE BILL",20452,0,-0.18,0,20451.82,0,1840.68,1840.68,0,"NO","Local Detailed Cache"
586,"2025-10-17","3193","Samarth & Champion Associates","24AEPFS5351B1Z3","3166667000011713759","PURCHASE BILL",2160,0,0,0,2160,0,194.4,194.4,0,"NO","Local Detailed Cache"
587,"2025-10-17","1025260317853","ZOHO Corporation Private Limited","33AAACZ4322M2Z9","3166667000011713805","PURCHASE BILL",1800,0,0,0,1800,324,0,0,0,"NO","Local Detailed Cache"
588,"2025-10-17","1025260317732","ZOHO Corporation Private Limited","33AAACZ4322M2Z9","3166667000011713919","PURCHASE BILL",900,0,0,0,900,162,0,0,0,"NO","Local Detailed Cache"
589,"2025-10-17","2722","SHREE NM ENTERPRISE","24ABVPY0452E1ZE","3166667000011722028","PURCHASE BILL",3061272.97,0,-0.11,0,3061272.8600000003,0,275514.57,275514.57,0,"NO","Local Detailed Cache"
590,"2025-10-17","JFPL/25-26/0890","JAGDISH FOODS PRIVATE LIMITED","24AAACJ4847K1ZF","3166667000011748832","PURCHASE BILL",2380.91,0,0,0,2380.91,0,59.52,59.52,0,"NO","Local Detailed Cache"
591,"2025-10-17","T-2499/25-26","URMI ELECTRICALS","24AIYPV0796Q1ZV","3166667000012009055","PURCHASE BILL",24200,0,0,0,24200,0,2178,2178,0,"NO","Local Detailed Cache"
592,"2025-10-18","1025260318535","ZOHO Corporation Private Limited","33AAACZ4322M2Z9","3166667000011954839","PURCHASE BILL",3554.24,0,0,0,3554.24,639.76,0,0,0,"NO","Local Detailed Cache"
593,"2025-10-18","1025260318418","ZOHO Corporation Private Limited","33AAACZ4322M2Z9","3166667000011954881","PURCHASE BILL",574.42,0,0,0,574.42,103.4,0,0,0,"NO","Local Detailed Cache"
594,"2025-10-18","1025260318469","ZOHO Corporation Private Limited","33AAACZ4322M2Z9","3166667000011954923","PURCHASE BILL",8293.22,0,0,0,8293.22,1492.78,0,0,0,"NO","Local Detailed Cache"
595,"2025-10-18","PPI2629604820982","HDFC BANK LIMITED - MAHARASTRA","27AAACH2702H5ZW","3166667000012057150","PURCHASE BILL",10,0,0,0,10,1.8,0,0,0,"NO","Local Detailed Cache"
596,"2025-10-19","GST081","AHURA GAS ENTERPRISES P LTD.","24AABCA5855D1Z0","3166667000011785183","PURCHASE BILL",280000,0,0,0,280000,0,25200,25200,0,"NO","Local Detailed Cache"
597,"2025-10-19","GST-02712/25-26","Shree Laxmi Industrial Electric","24FIBPP9779R1Z0","3166667000011979001","PURCHASE BILL",25170.24,0,0.12,0,25170.36,0,2265.32,2265.32,0,"NO","Local Detailed Cache"
598,"2025-10-20","1025260320255","ZOHO Corporation Private Limited","33AAACZ4322M2Z9","3166667000011785001","PURCHASE BILL",1262.54,0,0,0,1262.54,227.26,0,0,0,"NO","Local Detailed Cache"
599,"2025-10-27","25-26/1516","SUBODHAN ENGINEERS PUNE PVT LTD","27AACCS3640K1Z9","3166667000011593383","PURCHASE BILL",57500,0,0,0,57500,10350,0,0,0,"NO","Local Detailed Cache"
600,"2025-10-28","AA2450002721","SCHNEIDER ELECTRIC INDIA PVT.LTD. - GJ","24AABCS1624G1ZT","3166667000011731005","PURCHASE BILL",1903979.43,0,0,0,1903979.43,0,171358.15,171358.15,0,"NO","Local Detailed Cache"
601,"2025-10-28","AA2450002716","SCHNEIDER ELECTRIC INDIA PVT.LTD. - GJ","24AABCS1624G1ZT","3166667000011748013","PURCHASE BILL",90440,0,0,0,90440,0,8139.6,8139.6,0,"NO","Local Detailed Cache"
602,"2025-10-28","AA2450002722","SCHNEIDER ELECTRIC INDIA PVT.LTD. - GJ","24AABCS1624G1ZT","3166667000011748337","PURCHASE BILL",75440,0,0,0,75440,0,6789.6,6789.6,0,"NO","Local Detailed Cache"
603,"2025-10-28","SCE/2025-26/1942","SHANTI CONSULTING ENGINEERS","24ABWPS4449N2ZM","3166667000011785229","PURCHASE BILL",4500,0,0,0,4500,0,405,405,0,"NO","Local Detailed Cache"
604,"2025-10-28","923/25-26","R.C. AUTOMATION INC.","24AEQPS6234J2ZZ","3166667000011955926","PURCHASE BILL",12658,0,-0.44,0,12657.56,0,1139.22,1139.22,0,"NO","Local Detailed Cache"
605,"2025-10-29","BRD/596/25-26","ETP EARTHING & LPS SOLUTION PRIVATE LIMITED","24AAGCE1992C1ZV","3166667000011766831","PURCHASE BILL",2435,0,0.1,0,2435.1,0,181.45,181.45,0,"NO","Local Detailed Cache"
606,"2025-10-29","GST-02751/25-26","Shree Laxmi Industrial Electric","24FIBPP9779R1Z0","3166667000011974171","PURCHASE BILL",37008.85,0,0,0,37008.85,0,3330.8,3330.8,0,"NO","Local Detailed Cache"
607,"2025-10-29","7395","SHIV SUPPLY COMPANY","24AEDPG1014M1ZZ","3166667000012060138","PURCHASE BILL",2000,0,0,0,2000,0,180,180,0,"NO","Local Detailed Cache"
608,"2025-10-30","787/25-26","SHRINATHJI METAL CORPORATION","24AHXPS2830E1Z4","3166667000011766764","PURCHASE BILL",51200,0,0,0,51200,0,4608,4608,0,"NO","Local Detailed Cache"
609,"2025-10-30","T0185","NS TRANSMISSION PVT LTD","24AADCN9281C1ZJ","3166667000011772153","PURCHASE BILL",4500,0,0,0,4500,0,405,405,0,"NO","Local Detailed Cache"
610,"2025-10-30","IE/25-26/408","INFLUX ELECTRIC  CO.","24AAXPO9200H1ZE","3166667000011797075","PURCHASE BILL",850,0,0,0,850,0,76.5,76.5,0,"NO","Local Detailed Cache"
611,"2025-10-30","11","AB INDUSTRIES","24FUMPS1689Q1ZF","3166667000011797136","PURCHASE BILL",12660,0,0,0,12660,0,1139.4,1139.4,0,"NO","Local Detailed Cache"
612,"2025-10-30","GST-2023/25-26","GOLDEN CABLE CORPORATION","24AALFG4879J1ZV","3166667000011797545","PURCHASE BILL",6744,0,0.08,0,6744.08,0,606.96,606.96,0,"NO","Local Detailed Cache"
613,"2025-10-30","P/2447/25-26","POWER LINE","24AAJPC1759K1ZP","3166667000012057080","PURCHASE BILL",27060,0,0.2,0,27060.2,0,2435.4,2435.4,0,"NO","Local Detailed Cache"
614,"2025-10-31","T622/25-26","FUSE CENTRE","24AAAFF8654R1ZU","3166667000011797600","PURCHASE BILL",10864.41,0,-0.01,0,10864.4,0,977.8,977.8,0,"NO","Local Detailed Cache"
615,"2025-10-31","000561/25-26","SIDDHANT ENTERPRISE","24ADEPK9895Q1ZJ","3166667000011797696","PURCHASE BILL",7300,0,0,0,7300,0,657,657,0,"NO","Local Detailed Cache"
616,"2025-10-31","000560/25-26","SIDDHANT ENTERPRISE","24ADEPK9895Q1ZJ","3166667000011797740","PURCHASE BILL",6750,0,0,0,6750,0,607.5,607.5,0,"NO","Local Detailed Cache"
617,"2025-10-31","2025/26/004","MR. SANJAYKUMAR F RATHOD","","3166667000011853261","PURCHASE BILL",24444,0,0,0,24444,0,0,0,0,"NO","Local Detailed Cache"
618,"2025-10-31","2025/26/007","MR .ATIT KIRITBHAI SHAH","","3166667000011862005","PURCHASE BILL",34611,0,0,0,34611,0,0,0,0,"NO","Local Detailed Cache"
619,"2025-10-31","46923513","City Health And Industrial Services","","3166667000011932073","PURCHASE BILL",7800,0,0,0,7800,0,0,0,0,"NO","Local Detailed Cache"
620,"2025-10-31","SPC/079/25-26","SHIVANSH ENGINEERING","24AICPC1186D1ZX","3166667000011932774","PURCHASE BILL",55650,0,0,0,55650,0,5008.5,5008.5,0,"NO","Local Detailed Cache"
621,"2025-10-31","RIS/25-26/1022","Raja Industrial Stationery","24BZJPP5136M2ZW","3166667000011986587","PURCHASE BILL",5445,0,-0.1,0,5444.9,0,490.05,490.05,0,"NO","Local Detailed Cache"
622,"2025-10-31","308","MEHSANA STEEL CENTRE","24AACFM3859P1ZS","3166667000012035430","PURCHASE BILL",12217.6,0,0.24,0,12217.84,0,1099.58,1099.58,0,"NO","Local Detailed Cache"
623,"2025-11-01","SAL-0745","GREEN ENERZON PVT LTD","24AAECG0426H1Z2","3166667000011853682","PURCHASE BILL",579600,0,0,0,579600,0,52164,52164,0,"NO","Local Detailed Cache"
624,"2025-11-01","SAL-0746","GREEN ENERZON PVT LTD","24AAECG0426H1Z2","3166667000011858332","PURCHASE BILL",820400,0,0,0,820400,0,73836,73836,0,"NO","Local Detailed Cache"
625,"2025-11-01","1368","CHAMUNDA HARDWARE AND TRADERS","24ALJPP8970A1ZZ","3166667000012396173","PURCHASE BILL",900,0,0,0,900,0,81,81,0,"NO","Local Detailed Cache"
626,"2025-11-01","T-2578/25-26","URMI ELECTRICALS","24AIYPV0796Q1ZV","3166667000012416048","PURCHASE BILL",734.6,0,0.18,0,734.78,0,66.11,66.11,0,"NO","Local Detailed Cache"
627,"2025-11-02","1025260342097","ZOHO Corporation Private Limited","33AAACZ4322M2Z9","3166667000012316973","PURCHASE BILL",345.2,0,0,0,345.2,62.14,0,0,0,"NO","Local Detailed Cache"
628,"2025-11-03","GST-02844/25-26","Shree Laxmi Industrial Electric","24FIBPP9779R1Z0","3166667000011932827","PURCHASE BILL",2056,0,-0.08,0,2055.92,0,185.04,185.04,0,"NO","Local Detailed Cache"
629,"2025-11-03","107/25-26","WEST-COAST RENTALS","24AABFW6467A1ZC","3166667000012091275","PURCHASE BILL",4000,0,0,0,4000,0,360,360,0,"NO","Local Detailed Cache"
630,"2025-11-03","GST-02842/25-26","Shree Laxmi Industrial Electric","24FIBPP9779R1Z0","3166667000012270598","PURCHASE BILL",622,0,0.04,0,622.04,0,55.98,55.98,0,"NO","Local Detailed Cache"
631,"2025-11-03","T-2636/25-26","URMI ELECTRICALS","24AIYPV0796Q1ZV","3166667000012396554","PURCHASE BILL",5078.4,0,0.48,0,5078.879999999999,0,457.06,457.06,0,"NO","Local Detailed Cache"
632,"2025-11-03","T0091/25-26","M.D. INDUSTRIES","24AAMFM5884E1Z0","3166667000012638157","PURCHASE BILL",16500,0,0,0,16500,0,1485,1485,0,"NO","Local Detailed Cache"
633,"2025-11-03","0009","Gohel Meet Dharmendrakumar","","3166667000011838555","PURCHASE BILL",5000,0,0,0,5000,0,0,0,0,"NO","Local Detailed Cache"
634,"2025-11-03","803/25-26","SHRINATHJI METAL CORPORATION","24AHXPS2830E1Z4","3166667000011853055","PURCHASE BILL",6210,0,0.2,0,6210.2,0,558.9,558.9,0,"NO","Local Detailed Cache"
635,"2025-11-03","IVP-00380","Green Electricals Pvt. Ltd.","24AACCG4053A1ZB","3166667000011853796","PURCHASE BILL",651304,0,0,0,651304,0,58617.36,58617.36,0,"NO","Local Detailed Cache"
636,"2025-11-03","25-26/6406","DEEPDEAL ELECTRICALS PRIVATE LIMITED","24AAGCD5792B1ZS","3166667000011932689","PURCHASE BILL",492,0,0.44,0,492.44,0,44.28,44.28,0,"NO","Local Detailed Cache"
637,"2025-11-04","81","TAXALT ENGINEERING AND CONSTRUCTION","24ALQPP8208G1ZT","3166667000011853373","PURCHASE BILL",18590,0,-0.2,0,18589.8,0,1673.1,1673.1,0,"NO","Local Detailed Cache"
638,"2025-11-04","82","TAXALT ENGINEERING AND CONSTRUCTION","24ALQPP8208G1ZT","3166667000011853572","PURCHASE BILL",5125,0,0.5,0,5125.5,0,461.25,461.25,0,"NO","Local Detailed Cache"
639,"2025-11-04","IVP-00382","Green Electricals Pvt. Ltd.","24AACCG4053A1ZB","3166667000011853873","PURCHASE BILL",2035815,0,0.3,0,2035815.3,0,183223.35,183223.35,0,"NO","Local Detailed Cache"
640,"2025-11-04","IVP-00381","Green Electricals Pvt. Ltd.","24AACCG4053A1ZB","3166667000011858112","PURCHASE BILL",798039,0,-0.02,0,798038.98,0,71823.51,71823.51,0,"NO","Local Detailed Cache"
641,"2025-11-04","7601","SHIV SUPPLY COMPANY","24AEDPG1014M1ZZ","3166667000012091957","PURCHASE BILL",2000,0,0,0,2000,0,180,180,0,"NO","Local Detailed Cache"
642,"2025-11-04","CM2351","Samarth & Champion Associates","24AEPFS5351B1Z3","3166667000012099051","PURCHASE BILL",51,0,0,0,51,0,4.59,4.59,0,"NO","Local Detailed Cache"
643,"2025-11-05","25-26/1598","SUBODHAN ENGINEERS PUNE PVT LTD","27AACCS3640K1Z9","3166667000011908273","PURCHASE BILL",57500,0,0,0,57500,10350,0,0,0,"NO","Local Detailed Cache"
644,"2025-11-05","RBR26D001367","CARAVEL MOTORS PRIVATE LIMITED","24AAACP7826N1Z2","3166667000011932370","PURCHASE BILL",8820.15,0,0.02,0,8820.17,0,793.81,793.81,0,"NO","Local Detailed Cache"
645,"2025-11-05","1679","Electro Sales Corporation","24AOOPP7070F1ZP","3166667000011932523","PURCHASE BILL",502.1,0,-0.48,0,501.62,0,45.19,45.19,0,"NO","Local Detailed Cache"
646,"2025-11-05","012A/25-26","Mithilesh Kumar Patel","","3166667000011986934","PURCHASE BILL",184129,0,0,0,184129,0,0,0,0,"NO","Local Detailed Cache"
647,"2025-11-05","013A/25-26","Mithilesh Kumar Patel","","3166667000011986978","PURCHASE BILL",46375.73,0,0,0,46375.73,0,0,0,0,"NO","Local Detailed Cache"
648,"2025-11-05","014A/25-26","Mithilesh Kumar Patel","","3166667000012001309","PURCHASE BILL",4125,0,0,0,4125,0,0,0,0,"NO","Local Detailed Cache"
649,"2025-11-05","015A/25-26","Mithilesh Kumar Patel","","3166667000012001353","PURCHASE BILL",13358.68,0,0,0,13358.68,0,0,0,0,"NO","Local Detailed Cache"
650,"2025-11-05","016A/25-26","Mithilesh Kumar Patel","","3166667000012001397","PURCHASE BILL",8892.95,0,0,0,8892.95,0,0,0,0,"NO","Local Detailed Cache"
651,"2025-11-05","017A/25-26","Mithilesh Kumar Patel","","3166667000012001441","PURCHASE BILL",278542,0,0,0,278542,0,0,0,0,"NO","Local Detailed Cache"
652,"2025-11-05","018A/25-26","Mithilesh Kumar Patel","","3166667000012001485","PURCHASE BILL",2280,0,0,0,2280,0,0,0,0,"NO","Local Detailed Cache"
653,"2025-11-05","SE-08-A/25-26","SHAKTI ENTERPRISE","","3166667000012137001","PURCHASE BILL",69018.95,0,0,0,69018.95,0,0,0,0,"NO","Local Detailed Cache"
654,"2025-11-05","SSE-008A/25-26","SHIV SHAKTI ENGINEERS","","3166667000012281012","PURCHASE BILL",21083.15,0,0,0,21083.15,0,0,0,0,"NO","Local Detailed Cache"
655,"2025-11-05","SSE-007A/25-26","SHIV SHAKTI ENGINEERS","","3166667000012321310","PURCHASE BILL",147927.45,0,0,0,147927.45,0,0,0,0,"NO","Local Detailed Cache"
656,"2025-11-05","SSE-006A/25-26","SHIV SHAKTI ENGINEERS","","3166667000012321338","PURCHASE BILL",22023.01,0,0,0,22023.01,0,0,0,0,"NO","Local Detailed Cache"
657,"2025-11-05","T-2656/25-26","URMI ELECTRICALS","24AIYPV0796Q1ZV","3166667000012419001","PURCHASE BILL",192,0,0.44,0,192.44,0,17.28,17.28,0,"NO","Local Detailed Cache"
658,"2025-11-06","6488/25-26","Zaral Electricals","24ACEPM6740R1Z3","3166667000011954241","PURCHASE BILL",49000,0,0,0,49000,0,4410,4410,0,"NO","Local Detailed Cache"
659,"2025-11-06","ASKGST25261510","ASHOK ELECTRICALS","24AAKFA7009H1ZN","3166667000011955225","PURCHASE BILL",1776.36,0,-0.1,0,1776.26,0,159.87,159.87,0,"NO","Local Detailed Cache"
660,"2025-11-06","GST-2073/25-26","GOLDEN CABLE CORPORATION","24AALFG4879J1ZV","3166667000012099298","PURCHASE BILL",46164,0,0.48,0,46164.48,0,4154.76,4154.76,0,"NO","Local Detailed Cache"
661,"2025-11-06","404/25-26","SANKHARI ENTERPRISES","24BCMPS3820H1ZI","3166667000012638001","PURCHASE BILL",30540,0,-0.2,0,30539.8,0,2612.1,2612.1,0,"NO","Local Detailed Cache"
662,"2025-11-07","3455","Samarth & Champion Associates","24AEPFS5351B1Z3","3166667000012099005","PURCHASE BILL",720,0,0,0,720,0,64.8,64.8,0,"NO","Local Detailed Cache"
663,"2025-11-07","T-2879-A/25-26","URMI ELECTRICALS","24AIYPV0796Q1ZV","3166667000012483127","PURCHASE BILL",1213.4,0,0.18,0,1213.5800000000002,0,109.21,109.21,0,"NO","Local Detailed Cache"
664,"2025-11-08","956/25-26","R.C. AUTOMATION INC.","24AEQPS6234J2ZZ","3166667000012270973","PURCHASE BILL",85556.04,0,-0.12,0,85555.92,0,7700.04,7700.04,0,"NO","Local Detailed Cache"
665,"2025-11-10","GST-2423/25-26","JAY  SALES  CORPORATION","24ACUPP3547M1ZV","3166667000011932601","PURCHASE BILL",12578,0,-0.04,0,12577.96,0,1132.02,1132.02,0,"NO","Local Detailed Cache"
666,"2025-11-10","199/25-26","RAMESH STEEL AND ALLOYS","24CJHPB4514L1ZE","3166667000011955410","PURCHASE BILL",36080,0,-0.4,0,36079.6,0,3247.2,3247.2,0,"NO","Local Detailed Cache"
667,"2025-11-10","GST-2102/25-26","GOLDEN CABLE CORPORATION","24AALFG4879J1ZV","3166667000012099207","PURCHASE BILL",41236.08,0,0.42,0,41236.5,0,3711.25,3711.25,0,"NO","Local Detailed Cache"
668,"2025-11-11","837/25-26","SHRINATHJI METAL CORPORATION","24AHXPS2830E1Z4","3166667000011955335","PURCHASE BILL",3540,0,-0.2,0,3539.8,0,318.6,318.6,0,"NO","Local Detailed Cache"
669,"2025-11-11","WTS-IN2526-00242","WISDOM TECHNO SOLUTIONS","24AACFW0734B1ZR","3166667000011959005","PURCHASE BILL",108000,0,0,0,108000,0,9720,9720,0,"NO","Local Detailed Cache"
670,"2025-11-11","7841","SHIV SUPPLY COMPANY","24AEDPG1014M1ZZ","3166667000012096051","PURCHASE BILL",1920,0,0.4,0,1920.4,0,172.8,172.8,0,"NO","Local Detailed Cache"
671,"2025-11-11","GST-02964/25-26","Shree Laxmi Industrial Electric","24FIBPP9779R1Z0","3166667000012125336","PURCHASE BILL",12650.15,0,-0.17,0,12649.98,0,1138.51,1138.51,0,"NO","Local Detailed Cache"
672,"2025-11-11","DE/25-26/130","DEVLAAX ENGINEERS","24AKQPG6381A1ZA","3166667000012245428","PURCHASE BILL",12500,0,0,0,12500,0,1125,1125,0,"NO","Local Detailed Cache"
673,"2025-11-12","SPPL25-26/4295","SHREE LIGHT POWER PVT LTD","24AAPCS4105G1ZH","3166667000011986857","PURCHASE BILL",11755,0,0.1,0,11755.1,0,1057.95,1057.95,0,"NO","Local Detailed Cache"
674,"2025-11-12","P/2617/25-26","POWER LINE","24AAJPC1759K1ZP","3166667000012340254","PURCHASE BILL",29820,0,0.4,0,29820.4,0,2683.8,2683.8,0,"NO","Local Detailed Cache"
675,"2025-11-12","T2302/25-26","POWER-GRID SWITCHGEARS PRIVATE LIMITED","24AAACP6766D1ZI","3166667000012650114","PURCHASE BILL",135745,0,-0.1,0,135744.9,0,11619.05,11619.05,0,"NO","Local Detailed Cache"
676,"2025-11-13","DP/09/2526","DATAPROVIZ SOLUTIONS PRIVATE LIMITED","24AAKCD1353Q1ZC","3166667000012001202","PURCHASE BILL",77000,0,0,0,77000,0,6930,6930,0,"NO","Local Detailed Cache"
677,"2025-11-13","PETI1538","PREM ELECTRONICS","24AAFPI9545M1ZB","3166667000012001263","PURCHASE BILL",8898.31,0,-0.01,0,8898.3,0,800.85,800.85,0,"NO","Local Detailed Cache"
678,"2025-11-13","2526/GST1797","SARA Enterprises","24AQFPS8433E2ZR","3166667000012270556","PURCHASE BILL",1518,0,-0.24,0,1517.76,0,136.62,136.62,0,"NO","Local Detailed Cache"
679,"2025-11-13","SPPL25-26/4304","SHREE LIGHT POWER PVT LTD","24AAPCS4105G1ZH","3166667000012270634","PURCHASE BILL",7493.6,0,-0.44,0,7493.160000000001,0,674.42,674.42,0,"NO","Local Detailed Cache"
680,"2025-11-14","IVP-00397","Green Electricals Pvt. Ltd.","24AACCG4053A1ZB","3166667000012035222","PURCHASE BILL",3040282,0,0.24,0,3040282.24,0,273625.38,273625.38,0,"NO","Local Detailed Cache"
681,"2025-11-14","IVP-00396","Green Electricals Pvt. Ltd.","24AACCG4053A1ZB","3166667000012035339","PURCHASE BILL",741896.45,0,-0.81,0,741895.6399999999,0,66770.68,66770.68,0,"NO","Local Detailed Cache"
682,"2025-11-14","326","MEHSANA STEEL CENTRE","24AACFM3859P1ZS","3166667000012035535","PURCHASE BILL",161440,0,0.8,0,161440.8,0,14529.6,14529.6,0,"NO","Local Detailed Cache"
683,"2025-11-14","T-2740/25-26","URMI ELECTRICALS","24AIYPV0796Q1ZV","3166667000012125005","PURCHASE BILL",11350,0,0,0,11350,0,1021.5,1021.5,0,"NO","Local Detailed Cache"
684,"2025-11-14","7","AKSHAR ELECTRICAL","24BPCPP9716G2ZQ","3166667000012248724","PURCHASE BILL",60000,0,0,0,60000,0,5400,5400,0,"NO","Local Detailed Cache"
685,"2025-11-14","8","AKSHAR ELECTRICAL","24BPCPP9716G2ZQ","3166667000012248752","PURCHASE BILL",40000,0,0,0,40000,0,3600,3600,0,"NO","Local Detailed Cache"
686,"2025-11-14","RT/25-26/0148","ROUTE TECHNOLOGIES","24AAXFR6788B1ZL","3166667000012270530","PURCHASE BILL",108250,0,0,0,108250,0,9742.5,9742.5,0,"NO","Local Detailed Cache"
687,"2025-11-14","T-2746/25-26","URMI ELECTRICALS","24AIYPV0796Q1ZV","3166667000012396303","PURCHASE BILL",29000,0,0,0,29000,0,2610,2610,0,"NO","Local Detailed Cache"
688,"2025-11-14","PPI2632269508354","HDFC BANK LIMITED - MAHARASTRA","27AAACH2702H5ZW","3166667000012638213","PURCHASE BILL",21,0,0,0,21,3.78,0,0,0,"NO","Local Detailed Cache"
689,"2025-11-15","1772","Electro Sales Corporation","24AOOPP7070F1ZP","3166667000012091082","PURCHASE BILL",2341.02,0,-0.4,0,2340.62,0,210.69,210.69,0,"NO","Local Detailed Cache"
690,"2025-11-15","1025260367127","ZOHO Corporation Private Limited","33AAACZ4322M2Z9","3166667000012091375","PURCHASE BILL",17988,0,0,0,17988,3237.84,0,0,0,"NO","Local Detailed Cache"
691,"2025-11-15","7987","SHIV SUPPLY COMPANY","24AEDPG1014M1ZZ","3166667000012096159","PURCHASE BILL",3200,0,0,0,3200,0,288,288,0,"NO","Local Detailed Cache"
692,"2025-11-15","GST-03030/25-26","Shree Laxmi Industrial Electric","24FIBPP9779R1Z0","3166667000012125080","PURCHASE BILL",24811.18,0,-0.2,0,24810.98,0,2233.01,2233.01,0,"NO","Local Detailed Cache"
693,"2025-11-15","3610","Samarth & Champion Associates","24AEPFS5351B1Z3","3166667000012321214","PURCHASE BILL",4302.6,0,0,0,4302.6,0,131.94,131.94,0,"NO","Local Detailed Cache"
694,"2025-11-17","6797/25-26","Zaral Electricals","24ACEPM6740R1Z3","3166667000012068243","PURCHASE BILL",502375,0,0.5,0,502375.5,0,45213.75,45213.75,0,"NO","Local Detailed Cache"
695,"2025-11-17","6796/25-26","Zaral Electricals","24ACEPM6740R1Z3","3166667000012068412","PURCHASE BILL",218987,0,0.34,0,218987.34,0,19708.83,19708.83,0,"NO","Local Detailed Cache"
696,"2025-11-17","39","SOHAM TECHNOLOGIES","24ABYFS7095J1Z6","3166667000012270465","PURCHASE BILL",40000,0,0,0,40000,0,3600,3600,0,"NO","Local Detailed Cache"
697,"2025-11-18","ME/09252/25-26","MAHENDRA ELECTRICALS","24ACRPG8660K1Z3","3166667000012091005","PURCHASE BILL",26000,0,0,0,26000,0,2340,2340,0,"NO","Local Detailed Cache"
698,"2025-11-18","GST-03053/25-26","Shree Laxmi Industrial Electric","24FIBPP9779R1Z0","3166667000012091325","PURCHASE BILL",2794.8,0,0.14,0,2794.94,0,251.53,251.53,0,"NO","Local Detailed Cache"
699,"2025-11-18","9","AKSHAR ELECTRICAL","24BPCPP9716G2ZQ","3166667000012248696","PURCHASE BILL",446852.01,0,0,0,446852.01,0,40216.68,40216.68,0,"NO","Local Detailed Cache"
700,"2025-11-18","3650","Samarth & Champion Associates","24AEPFS5351B1Z3","3166667000012321254","PURCHASE BILL",1832,0,0,0,1832,0,164.88,164.88,0,"NO","Local Detailed Cache"
701,"2025-11-18","P/2687/25-26","POWER LINE","24AAJPC1759K1ZP","3166667000012618655","PURCHASE BILL",25900,0,0,0,25900,0,2331,2331,0,"NO","Local Detailed Cache"
702,"2025-11-18","T00107/25-26","M.D. INDUSTRIES","24AAMFM5884E1Z0","3166667000012638101","PURCHASE BILL",6750,0,0,0,6750,0,607.5,607.5,0,"NO","Local Detailed Cache"
703,"2025-11-18","6/BC/25013696","R B Cars Pvt Ltd","24AAECR0683F1ZK","3166667000012650001","PURCHASE BILL",11918.09,0,0,0,11918.09,0,1072.62,1072.62,0,"NO","Local Detailed Cache"
704,"2025-11-19","EES/25-26/45","EVERGREEN ELECTRICAL SERVICES","24GHTPP9763H1ZD","3166667000012270359","PURCHASE BILL",53800,0,0,0,53800,0,4842,4842,0,"NO","Local Detailed Cache"
705,"2025-11-19","EES/25-26/44","EVERGREEN ELECTRICAL SERVICES","24GHTPP9763H1ZD","3166667000012270415","PURCHASE BILL",39105,0,0.1,0,39105.1,0,3519.45,3519.45,0,"NO","Local Detailed Cache"
706,"2025-11-19","SCA1859","Samarth & Champion Associates","24AEPFS5351B1Z3","3166667000012321158","PURCHASE BILL",320,0,0,0,320,0,28.8,28.8,0,"NO","Local Detailed Cache"
707,"2025-11-19","SCA1858","Samarth & Champion Associates","24AEPFS5351B1Z3","3166667000012321186","PURCHASE BILL",610,0,0,0,610,0,54.9,54.9,0,"NO","Local Detailed Cache"
708,"2025-11-19","001A/25-26/MARUTI","Mithilesh Kumar Patel","","3166667000013965256","PURCHASE BILL",153158,0,0,0,153158,0,0,0,0,"NO","Local Detailed Cache"
709,"2025-11-20","SPPL25-26/4437","SHREE LIGHT POWER PVT LTD","24AAPCS4105G1ZH","3166667000012168297","PURCHASE BILL",365634,0,0,0,365634,0,32907.06,32907.06,0,"NO","Local Detailed Cache"
710,"2025-11-20","789","SHRADDHA TECHNOLOGIES","24CQLPP5150R1Z4","3166667000012270188","PURCHASE BILL",12480,0,-0.4,0,12479.6,0,1123.2,1123.2,0,"NO","Local Detailed Cache"
711,"2025-11-20","AVT/25-26/065","AV TECNOLOGIES","24ABRFA9532D1ZE","3166667000012270224","PURCHASE BILL",6225,0,-0.5,0,6224.5,0,560.25,560.25,0,"NO","Local Detailed Cache"
712,"2025-11-20","AVT/25-26/066","AV TECNOLOGIES","24ABRFA9532D1ZE","3166667000012270273","PURCHASE BILL",45400,0,0,0,45400,0,4086,4086,0,"NO","Local Detailed Cache"
713,"2025-11-20","123","JATINKUMAR JOSHI","","3166667000015058359","PURCHASE BILL",5020,0,0,0,5020,0,0,0,0,"NO","Local Detailed Cache"
714,"2025-11-21","GST-2602/25-26","JAY  SALES  CORPORATION","24ACUPP3547M1ZV","3166667000012182673","PURCHASE BILL",25156,0,-0.08,0,25155.92,0,2264.04,2264.04,0,"NO","Local Detailed Cache"
715,"2025-11-21","25-26/6982","DEEPDEAL ELECTRICALS PRIVATE LIMITED","24AAGCD5792B1ZS","3166667000012340102","PURCHASE BILL",6091.19,0,0.39,0,6091.58,0,548.21,548.21,0,"NO","Local Detailed Cache"
716,"2025-11-22","GST-03126/25-26","Shree Laxmi Industrial Electric","24FIBPP9779R1Z0","3166667000012340198","PURCHASE BILL",4140,0,-0.2,0,4139.8,0,372.6,372.6,0,"NO","Local Detailed Cache"
717,"2025-11-22","6998/25-26","Zaral Electricals","24ACEPM6740R1Z3","3166667000012483381","PURCHASE BILL",1108.3,0,0.2,0,1108.5,0,99.75,99.75,0,"NO","Local Detailed Cache"
718,"2025-11-24","PPI2633291268407","HDFC BANK LIMITED - MAHARASTRA","27AAACH2702H5ZW","3166667000012618115","PURCHASE BILL",21,0,0,0,21,3.78,0,0,0,"NO","Local Detailed Cache"
719,"2025-11-24","SPPL25-26/4500","SHREE LIGHT POWER PVT LTD","24AAPCS4105G1ZH","3166667000012270322","PURCHASE BILL",12976.48,0,-0.24,0,12976.24,0,1167.88,1167.88,0,"NO","Local Detailed Cache"
720,"2025-11-24","T-2856/25-26","URMI ELECTRICALS","24AIYPV0796Q1ZV","3166667000012396332","PURCHASE BILL",35450.78,0,0.08,0,35450.86,0,3190.57,3190.57,0,"NO","Local Detailed Cache"
721,"2025-11-25","214/PH/2025-26","VIDHYUT POWER PRIVATE LIMITED","24AADCV3164E1ZL","3166667000012270129","PURCHASE BILL",205000,0,0,0,205000,0,18450,18450,0,"NO","Local Detailed Cache"
722,"2025-11-25","GST-2256/25-26","GOLDEN CABLE CORPORATION","24AALFG4879J1ZV","3166667000012396020","PURCHASE BILL",65054.4,0,-0.2,0,65054.200000000004,0,5854.9,5854.9,0,"NO","Local Detailed Cache"
723,"2025-11-25","T00111/25-26","M.D. INDUSTRIES","24AAMFM5884E1Z0","3166667000012396103","PURCHASE BILL",15000,0,0,0,15000,0,1350,1350,0,"NO","Local Detailed Cache"
724,"2025-11-26","211/25-26","RAMESH STEEL AND ALLOYS","24CJHPB4514L1ZE","3166667000012270013","PURCHASE BILL",66720,0,0.4,0,66720.4,0,6004.8,6004.8,0,"NO","Local Detailed Cache"
725,"2025-11-26","212/25-26","RAMESH STEEL AND ALLOYS","24CJHPB4514L1ZE","3166667000012270088","PURCHASE BILL",120875,0,-0.5,0,120874.5,0,10878.75,10878.75,0,"NO","Local Detailed Cache"
726,"2025-11-26","5253","Vidhata Traders","24AKRPP0345G1Z4","3166667000012316882","PURCHASE BILL",7142.85,0,0.01,0,7142.860000000001,0,178.57,178.57,0,"NO","Local Detailed Cache"
727,"2025-11-27","000647/25-26","SIDDHANT ENTERPRISE","24ADEPK9895Q1ZJ","3166667000012246141","PURCHASE BILL",9720,0,0.4,0,9720.4,0,874.8,874.8,0,"NO","Local Detailed Cache"
728,"2025-11-27","AVT/25-26/070","AV TECNOLOGIES","24ABRFA9532D1ZE","3166667000012270671","PURCHASE BILL",13552.5,0,0.04,0,13552.54,0,1219.73,1219.73,0,"NO","Local Detailed Cache"
729,"2025-11-27","AA2450002838","SCHNEIDER ELECTRIC INDIA PVT.LTD. - GJ","24AABCS1624G1ZT","3166667000012295009","PURCHASE BILL",32194,0,0,0,32194,0,2897.46,2897.46,0,"NO","Local Detailed Cache"
730,"2025-11-27","T-2876/25-26","URMI ELECTRICALS","24AIYPV0796Q1ZV","3166667000012416076","PURCHASE BILL",1678,0,0,0,1678,0,151.02,151.02,0,"NO","Local Detailed Cache"
731,"2025-11-28","GST-03193/25-26","Shree Laxmi Industrial Electric","24FIBPP9779R1Z0","3166667000012316083","PURCHASE BILL",104056,0,-0.12,0,104055.88,0,9365.04,9365.04,0,"NO","Local Detailed Cache"
732,"2025-11-28","1881","Electro Sales Corporation","24AOOPP7070F1ZP","3166667000012316944","PURCHASE BILL",1801.8,0,-0.12,0,1801.68,0,162.16,162.16,0,"NO","Local Detailed Cache"
733,"2025-11-28","019A/25-26","Mithilesh Kumar Patel","","3166667000012340474","PURCHASE BILL",249502,0,0,0,249502,0,0,0,0,"NO","Local Detailed Cache"
734,"2025-11-28","AA2750140120","SCHNEIDER ELECTRIC INDIA PVT.LTD. - GJ","27AABCS1624G1ZN","3166667000012371651","PURCHASE BILL",449362.3,0,0,0,449362.3,80885.21,0,0,0,"NO","Local Detailed Cache"
735,"2025-11-29","SSE-009A/25-26","SHIV SHAKTI ENGINEERS","","3166667000012321282","PURCHASE BILL",19230.75,0,0,0,19230.75,0,0,0,0,"NO","Local Detailed Cache"
736,"2025-11-29","T00114/25-26","M.D. INDUSTRIES","24AAMFM5884E1Z0","3166667000012396143","PURCHASE BILL",7500,0,0,0,7500,0,675,675,0,"NO","Local Detailed Cache"
737,"2025-11-29","AA2750141182","SCHNEIDER ELECTRIC INDIA PVT.LTD. - GJ","27AABCS1624G1ZN","3166667000012413999","PURCHASE BILL",108432,0,0,0,108432,19517.76,0,0,0,"NO","Local Detailed Cache"
738,"2025-11-29","T702/25-26","FUSE CENTRE","24AAAFF8654R1ZU","3166667000012523052","PURCHASE BILL",10864.41,0,-0.01,0,10864.4,0,977.8,977.8,0,"NO","Local Detailed Cache"
739,"2025-11-29","IA221635747","Go Digit General Insurance Limited","24AACCO4128Q1Z6","3166667000012618157","PURCHASE BILL",1938,0,0,0,1938,0,174.42,174.42,0,"NO","Local Detailed Cache"
740,"2025-11-29","IA221637376","Go Digit General Insurance Limited","24AACCO4128Q1Z6","3166667000012618201","PURCHASE BILL",645,0,0,0,645,0,58.05,58.05,0,"NO","Local Detailed Cache"
741,"2025-11-30","2025/26/008","MR .ATIT KIRITBHAI SHAH","","3166667000012396207","PURCHASE BILL",44500,0,0,0,44500,0,0,0,0,"NO","Local Detailed Cache"
742,"2025-11-30","2025/26/005","MR. SANJAYKUMAR F RATHOD","","3166667000012396251","PURCHASE BILL",30000,0,0,0,30000,0,0,0,0,"NO","Local Detailed Cache"
743,"2025-11-30","AA2750141754","SCHNEIDER ELECTRIC INDIA PVT.LTD. - GJ","27AABCS1624G1ZN","3166667000012413958","PURCHASE BILL",181657.1,0,0,0,181657.1,32698.28,0,0,0,"NO","Local Detailed Cache"
744,"2025-11-30","RIS/25-26/1180","Raja Industrial Stationery","24BZJPP5136M2ZW","3166667000012964971","PURCHASE BILL",1910,0,0.2,0,1910.2,0,171.9,171.9,0,"NO","Local Detailed Cache"
745,"2025-12-01","P/2872/25-26","POWER LINE","24AAJPC1759K1ZP","3166667000012340169","PURCHASE BILL",20500,0,0,0,20500,0,1845,1845,0,"NO","Local Detailed Cache"
746,"2025-12-01","3857","Samarth & Champion Associates","24AEPFS5351B1Z3","3166667000012419027","PURCHASE BILL",1608,0,0,0,1608,0,144.72,144.72,0,"NO","Local Detailed Cache"
747,"2025-12-01","1058/25-26","R.C. AUTOMATION INC.","24AEQPS6234J2ZZ","3166667000012419063","PURCHASE BILL",14960.27,0,-0.11,0,14960.16,0,1346.42,1346.42,0,"NO","Local Detailed Cache"
748,"2025-12-01","GST-2313/25-26","GOLDEN CABLE CORPORATION","24AALFG4879J1ZV","3166667000012439858","PURCHASE BILL",17595,0,-0.1,0,17594.9,0,1583.55,1583.55,0,"NO","Local Detailed Cache"
749,"2025-12-01","25-26/7261","DEEPDEAL ELECTRICALS PRIVATE LIMITED","24AAGCD5792B1ZS","3166667000012483289","PURCHASE BILL",25200,0,0,0,25200,0,2268,2268,0,"NO","Local Detailed Cache"
750,"2025-12-01","25-26/7262","DEEPDEAL ELECTRICALS PRIVATE LIMITED","24AAGCD5792B1ZS","3166667000012483334","PURCHASE BILL",1726,0,0.32,0,1726.32,0,155.34,155.34,0,"NO","Local Detailed Cache"
751,"2025-12-01","115/25-26","WEST-COAST RENTALS","24AABFW6467A1ZC","3166667000012483412","PURCHASE BILL",4000,0,0,0,4000,0,360,360,0,"NO","Local Detailed Cache"
752,"2025-12-01","7232/25-26","Zaral Electricals","24ACEPM6740R1Z3","3166667000012483446","PURCHASE BILL",14400,0,0,0,14400,0,1296,1296,0,"NO","Local Detailed Cache"
753,"2025-12-01","IE/25-26/492","INFLUX ELECTRIC  CO.","24AAXPO9200H1ZE","3166667000013125289","PURCHASE BILL",4283.2,0,0,0,4283.2,0,385.49,385.49,0,"NO","Local Detailed Cache"
754,"2025-12-01","T-2932/25-26","URMI ELECTRICALS","24AIYPV0796Q1ZV","3166667000013155685","PURCHASE BILL",7990.95,0,-0.33,0,7990.62,0,719.19,719.19,0,"NO","Local Detailed Cache"
755,"2025-12-01","T-2922/25-26","URMI ELECTRICALS","24AIYPV0796Q1ZV","3166667000013198113","PURCHASE BILL",1678.32,0,-0.42,0,1677.8999999999999,0,151.05,151.05,0,"NO","Local Detailed Cache"
756,"2025-12-02","O/25-26/298336","CAPRICORN IDENTITY SERVICES PRIVATE LIMITED","07AAVCS8838C1ZR","3166667000012483231","PURCHASE BILL",1779.66,0,0,0,1779.66,320.34,0,0,0,"NO","Local Detailed Cache"
757,"2025-12-02","95","TAXALT ENGINEERING AND CONSTRUCTION","24ALQPP8208G1ZT","3166667000012371285","PURCHASE BILL",5092.5,0,-0.16,0,5092.34,0,458.33,458.33,0,"NO","Local Detailed Cache"
758,"2025-12-02","GST-03238/25-26","Shree Laxmi Industrial Electric","24FIBPP9779R1Z0","3166667000012419112","PURCHASE BILL",7701.78,0,-0.1,0,7701.679999999999,0,693.16,693.16,0,"NO","Local Detailed Cache"
759,"2025-12-03","96","TAXALT ENGINEERING AND CONSTRUCTION","24ALQPP8208G1ZT","3166667000012413691","PURCHASE BILL",313389.54,0,0.34,0,313389.88,0,28205.06,28205.06,0,"NO","Local Detailed Cache"
760,"2025-12-03","010","Gohel Meet Dharmendrakumar","","3166667000012577363","PURCHASE BILL",5000,0,0,0,5000,0,0,0,0,"NO","Local Detailed Cache"
761,"2025-12-03","SSE-011A/25-26","SHIV SHAKTI ENGINEERS","","3166667000013056743","PURCHASE BILL",30000,0,0,0,30000,0,0,0,0,"NO","Local Detailed Cache"
762,"2025-12-03","012A/25-26","SHIV SHAKTI ENGINEERS","","3166667000013056785","PURCHASE BILL",148104.16,0,0,0,148104.16,0,0,0,0,"NO","Local Detailed Cache"
763,"2025-12-03","SSE-013A/25-26","SHIV SHAKTI ENGINEERS","","3166667000013059171","PURCHASE BILL",109460,0,0,0,109460,0,0,0,0,"NO","Local Detailed Cache"
764,"2025-12-03","SSE-014A/25-26","SHIV SHAKTI ENGINEERS","","3166667000013059213","PURCHASE BILL",55967.85,0,0,0,55967.85,0,0,0,0,"NO","Local Detailed Cache"
765,"2025-12-03","SSE-015 A/25-26","SHIV SHAKTI ENGINEERS","","3166667000013059255","PURCHASE BILL",8732,0,0,0,8732,0,0,0,0,"NO","Local Detailed Cache"
766,"2025-12-04","010A/25-26","SHIV SHAKTI ENGINEERS","","3166667000012483153","PURCHASE BILL",453177.42,0,0,0,453177.42,0,0,0,0,"NO","Local Detailed Cache"
767,"2025-12-04","E1663","E LINK ENTERPRISE","24AAHFE6831G2ZJ","3166667000012483537","PURCHASE BILL",24750,0,0,0,24750,0,2227.5,2227.5,0,"NO","Local Detailed Cache"
768,"2025-12-04","25-26/TI/717","Maa Computer","24AKTPC8228P1ZI","3166667000012964317","PURCHASE BILL",211.87,0,-0.01,0,211.86,0,19.07,19.07,0,"NO","Local Detailed Cache"
769,"2025-12-05","GST-03286/25-26","Shree Laxmi Industrial Electric","24FIBPP9779R1Z0","3166667000012433689","PURCHASE BILL",5625,0,0.5,0,5625.5,0,506.25,506.25,0,"NO","Local Detailed Cache"
770,"2025-12-05","SPPL25-26/4713","SHREE LIGHT POWER PVT LTD","24AAPCS4105G1ZH","3166667000012433730","PURCHASE BILL",518340.81999999995,18000,-0.16,0,518340.66,0,46650.67,46650.67,0,"NO","Local Detailed Cache"
771,"2025-12-05","7354/25-26","Zaral Electricals","24ACEPM6740R1Z3","3166667000012439233","PURCHASE BILL",24570,0,0.4,0,24570.4,0,2211.3,2211.3,0,"NO","Local Detailed Cache"
772,"2025-12-05","P/2920/25-26","POWER LINE","24AAJPC1759K1ZP","3166667000012439270","PURCHASE BILL",141750,0,0,0,141750,0,12757.5,12757.5,0,"NO","Local Detailed Cache"
773,"2025-12-05","SS-2014","SHIVAM SALES","24AFKPN1669K1Z2","3166667000012500091","PURCHASE BILL",1449.16,0,0,0,1449.16,0,130.42,130.42,0,"NO","Local Detailed Cache"
774,"2025-12-05","T-3027/25-26","URMI ELECTRICALS","24AIYPV0796Q1ZV","3166667000013155735","PURCHASE BILL",2055,0,0,0,2055,0,184.95,184.95,0,"NO","Local Detailed Cache"
775,"2025-12-06","1964","Electro Sales Corporation","24AOOPP7070F1ZP","3166667000012433788","PURCHASE BILL",832.2,0,0,0,832.2,0,74.9,74.9,0,"NO","Local Detailed Cache"
776,"2025-12-06","SPPL25-26/4732","SHREE LIGHT POWER PVT LTD","24AAPCS4105G1ZH","3166667000012455009","PURCHASE BILL",42000.6,0,0.3,0,42000.9,0,3780.05,3780.05,0,"NO","Local Detailed Cache"
777,"2025-12-06","RT/25-26/0158","ROUTE TECHNOLOGIES","24AAXFR6788B1ZL","3166667000012704471","PURCHASE BILL",58580,0,0,0,58580,0,5272.2,5272.2,0,"NO","Local Detailed Cache"
778,"2025-12-06","RT/25-26/0159","ROUTE TECHNOLOGIES","24AAXFR6788B1ZL","3166667000013277312","PURCHASE BILL",12750,0,0,0,12750,0,1147.5,1147.5,0,"NO","Local Detailed Cache"
779,"2025-12-06","P/2943/25-26","POWER LINE","24AAJPC1759K1ZP","3166667000013297093","PURCHASE BILL",7224,0,-0.32,0,7223.68,0,650.16,650.16,0,"NO","Local Detailed Cache"
780,"2025-12-07","117","JATINKUMAR JOSHI","","3166667000015058319","PURCHASE BILL",6250,0,0,0,6250,0,0,0,0,"NO","Local Detailed Cache"
781,"2025-12-08","GST-03318/25-26","Shree Laxmi Industrial Electric","24FIBPP9779R1Z0","3166667000012500057","PURCHASE BILL",6656.5,0,0.32,0,6656.82,0,599.09,599.09,0,"NO","Local Detailed Cache"
782,"2025-12-08","435/25-26","GUNJA SALES","24ADMPM5410B1Z1","3166667000012500201","PURCHASE BILL",93150,0,0,0,93150,0,8383.5,8383.5,0,"NO","Local Detailed Cache"
783,"2025-12-08","AA2450002903","SCHNEIDER ELECTRIC INDIA PVT.LTD. - GJ","24AABCS1624G1ZT","3166667000012523019","PURCHASE BILL",448000,0,0,0,448000,0,40320,40320,0,"NO","Local Detailed Cache"
784,"2025-12-08","2503656","ACTIVE ENTERPRISE","24AAFFA7099E1ZG","3166667000012523658","PURCHASE BILL",40500,0,0,0,40500,0,3645,3645,0,"NO","Local Detailed Cache"
785,"2025-12-08","AA3350135171","SCHNEIDER ELECTRIC INDIA PVT.LTD. - GJ","33AABCS1624G1ZU","3166667000012704613","PURCHASE BILL",1351741.92,0,0,0,1351741.92,243313.55,0,0,0,"NO","Local Detailed Cache"
786,"2025-12-08","GST-03317/25-26","Shree Laxmi Industrial Electric","24FIBPP9779R1Z0","3166667000013125009","PURCHASE BILL",17400,0,0,0,17400,0,1566,1566,0,"NO","Local Detailed Cache"
787,"2025-12-08","T-3052/25-26","URMI ELECTRICALS","24AIYPV0796Q1ZV","3166667000013198161","PURCHASE BILL",3907,0,-0.26,0,3906.74,0,351.63,351.63,0,"NO","Local Detailed Cache"
788,"2025-12-08","GST-03319/25-26","Shree Laxmi Industrial Electric","24FIBPP9779R1Z0","3166667000013282428","PURCHASE BILL",1070,0,0.4,0,1070.4,0,96.3,96.3,0,"NO","Local Detailed Cache"
789,"2025-12-08","GST-03320/25-26","Shree Laxmi Industrial Electric","24FIBPP9779R1Z0","3166667000012483483","PURCHASE BILL",3030,0,-0.4,0,3029.6,0,272.7,272.7,0,"NO","Local Detailed Cache"
790,"2025-12-09","GST-2395/25-26","GOLDEN CABLE CORPORATION","24AALFG4879J1ZV","3166667000012500248","PURCHASE BILL",12566.1,0,0,0,12566.1,0,1130.95,1130.95,0,"NO","Local Detailed Cache"
791,"2025-12-09","GST-2396/25-26","GOLDEN CABLE CORPORATION","24AALFG4879J1ZV","3166667000012964767","PURCHASE BILL",45530,0,-0.4,0,45529.6,0,4097.7,4097.7,0,"NO","Local Detailed Cache"
792,"2025-12-10","SPPL25-26/4833","SHREE LIGHT POWER PVT LTD","24AAPCS4105G1ZH","3166667000012523198","PURCHASE BILL",186350.25,0,-0.29,0,186349.96,0,16771.52,16771.52,0,"NO","Local Detailed Cache"
793,"2025-12-10","1142","VEDEE ASSOCIATES","24ADWPM6817E1Z8","3166667000012523367","PURCHASE BILL",144500,0,0,0,144500,0,13005,13005,0,"NO","Local Detailed Cache"
794,"2025-12-10","1144","VEDEE ASSOCIATES","24ADWPM6817E1Z8","3166667000012523468","PURCHASE BILL",990,0,-0.2,0,989.8,0,89.1,89.1,0,"NO","Local Detailed Cache"
795,"2025-12-10","T/227","D K ENTERPRISE","24AJKPD3044L1ZC","3166667000012523549","PURCHASE BILL",312774.95,0,0,0,312774.95,0,28149.75,28149.75,0,"NO","Local Detailed Cache"
796,"2025-12-10","IE/25-26/515","INFLUX ELECTRIC  CO.","24AAXPO9200H1ZE","3166667000012634237","PURCHASE BILL",16053.26,0,0,0,16053.26,0,1444.79,1444.79,0,"NO","Local Detailed Cache"
797,"2025-12-10","IE/25-26/514","INFLUX ELECTRIC  CO.","24AAXPO9200H1ZE","3166667000012634302","PURCHASE BILL",2596.34,0,0,0,2596.34,0,233.67,233.67,0,"NO","Local Detailed Cache"
798,"2025-12-10","SUV18379","SUVIDHA CITY CHEMIST","24BSDPM1902K2ZX","3166667000013155169","PURCHASE BILL",4800,0,0,0,4800,0,0,0,0,"NO","Local Detailed Cache"
799,"2025-12-11","SPC/080/25-26","SHIVANSH ENGINEERING","24AICPC1186D1ZX","3166667000012577013","PURCHASE BILL",20800,0,0,0,20800,0,1872,1872,0,"NO","Local Detailed Cache"
800,"2025-12-11","448/25-26","GUNJA SALES","24ADMPM5410B1Z1","3166667000012609011","PURCHASE BILL",16200,0,0,0,16200,0,1458,1458,0,"NO","Local Detailed Cache"
801,"2025-12-11","1025260415351","ZOHO Corporation Private Limited","33AAACZ4322M2Z9","3166667000012634345","PURCHASE BILL",1100,0,0,0,1100,198,0,0,0,"NO","Local Detailed Cache"
802,"2025-12-11","450/25-26","GUNJA SALES","24ADMPM5410B1Z1","3166667000012634481","PURCHASE BILL",180,0,-0.4,0,179.6,0,16.2,16.2,0,"NO","Local Detailed Cache"
803,"2025-12-11","449/25-26","GUNJA SALES","24ADMPM5410B1Z1","3166667000012848017","PURCHASE BILL",7800,0,0,0,7800,0,702,702,0,"NO","Local Detailed Cache"
804,"2025-12-12","8974","SHIV SUPPLY COMPANY","24AEDPG1014M1ZZ","3166667000012850141","PURCHASE BILL",6690,0,-0.2,0,6689.8,0,602.1,602.1,0,"NO","Local Detailed Cache"
805,"2025-12-12","4051","Samarth & Champion Associates","24AEPFS5351B1Z3","3166667000012964393","PURCHASE BILL",1100,0,0,0,1100,0,99,99,0,"NO","Local Detailed Cache"
806,"2025-12-12","2014","Electro Sales Corporation","24AOOPP7070F1ZP","3166667000012964471","PURCHASE BILL",14857.92,0,0,0,14857.92,0,1337.21,1337.21,0,"NO","Local Detailed Cache"
807,"2025-12-12","2526/GST2100","SARA Enterprises","24AQFPS8433E2ZR","3166667000012964900","PURCHASE BILL",7540,0,-0.2,0,7539.8,0,678.6,678.6,0,"NO","Local Detailed Cache"
808,"2025-12-12","GST-03395/25-26","Shree Laxmi Industrial Electric","24FIBPP9779R1Z0","3166667000013125913","PURCHASE BILL",3356.4,0,0.44,0,3356.84,0,302.08,302.08,0,"NO","Local Detailed Cache"
809,"2025-12-12","T-3091/25-26","URMI ELECTRICALS","24AIYPV0796Q1ZV","3166667000013160015","PURCHASE BILL",12944,0,0.08,0,12944.08,0,1164.96,1164.96,0,"NO","Local Detailed Cache"
810,"2025-12-13","T754/25-26","FUSE CENTRE","24AAAFF8654R1ZU","3166667000012704423","PURCHASE BILL",1579,0,-0.22,0,1578.78,0,142.11,142.11,0,"NO","Local Detailed Cache"
811,"2025-12-13","AVT/25-26/072","AV TECNOLOGIES","24ABRFA9532D1ZE","3166667000012968005","PURCHASE BILL",4000,0,0,0,4000,0,360,360,0,"NO","Local Detailed Cache"
812,"2025-12-15","0011","Gohel Meet Dharmendrakumar","","3166667000012634120","PURCHASE BILL",200000,0,0,0,200000,0,0,0,0,"NO","Local Detailed Cache"
813,"2025-12-15","2501/1/2025-26","Sai Electricals","24DZLPP7133J1ZY","3166667000012678003","PURCHASE BILL",68470.36,0,-0.02,0,68470.34,0,6162.33,6162.33,0,"NO","Local Detailed Cache"
814,"2025-12-15","073","GANESH ELECTRICALS","24AEAPR9591K1ZX","3166667000012693045","PURCHASE BILL",45900,0,0,0,45900,0,4131,4131,0,"NO","Local Detailed Cache"
815,"2025-12-15","GST-2838/25-26","JAY  SALES  CORPORATION","24ACUPP3547M1ZV","3166667000012983337","PURCHASE BILL",41436,0,-0.48,0,41435.52,0,3729.24,3729.24,0,"NO","Local Detailed Cache"
816,"2025-12-16","SPPL25-26/4936","SHREE LIGHT POWER PVT LTD","24AAPCS4105G1ZH","3166667000012646022","PURCHASE BILL",40061,0,0,0,40061,0,3605.49,3605.49,0,"NO","Local Detailed Cache"
817,"2025-12-16","AA2750151045","SCHNEIDER ELECTRIC INDIA PVT.LTD. - GJ","27AABCS1624G1ZN","3166667000012693922","PURCHASE BILL",107702,0,0,0,107702,19386.36,0,0,0,"NO","Local Detailed Cache"
818,"2025-12-16","875123025900023","RELIANCE RETAIL LIMITED","24AABCR1718E1ZV","3166667000012964520","PURCHASE BILL",12772.89,0,0,0,12772.89,0,1149.56,1149.56,0,"NO","Local Detailed Cache"
819,"2025-12-16","ME/10611/25-26","MAHENDRA ELECTRICALS","24ACRPG8660K1Z3","3166667000012964644","PURCHASE BILL",42313.92,0,-0.42,0,42313.5,0,3808.25,3808.25,0,"NO","Local Detailed Cache"
820,"2025-12-16","RBR26D001903","CARAVEL MOTORS PRIVATE LIMITED","24AAACP7826N1Z2","3166667000013075869","PURCHASE BILL",1000,0,0,0,1000,0,90,90,0,"NO","Local Detailed Cache"
821,"2025-12-17","386","MEHSANA STEEL CENTRE","24AACFM3859P1ZS","3166667000012655067","PURCHASE BILL",103980,0,-0.4,0,103979.6,0,9358.2,9358.2,0,"NO","Local Detailed Cache"
822,"2025-12-17","AA3350139776","SCHNEIDER ELECTRIC INDIA PVT.LTD. - GJ","33AABCS1624G1ZU","3166667000012704678","PURCHASE BILL",574112.11,0,0,0,574112.11,103340.18,0,0,0,"NO","Local Detailed Cache"
823,"2025-12-17","NE002152/BRD","SHREE NM ELECTRICALS LTD.","24AADCS6037P1ZZ","3166667000012723176","PURCHASE BILL",14800,0,0,0,14800,0,1332,1332,0,"NO","Local Detailed Cache"
824,"2025-12-17","2052","Electro Sales Corporation","24AOOPP7070F1ZP","3166667000012900009","PURCHASE BILL",214.5,0,0,0,214.5,0,19.31,19.31,0,"NO","Local Detailed Cache"
825,"2025-12-17","1181","VEDEE ASSOCIATES","24ADWPM6817E1Z8","3166667000012968070","PURCHASE BILL",13510,0,0.2,0,13510.2,0,1215.9,1215.9,0,"NO","Local Detailed Cache"
826,"2025-12-18","SPE/25-26/912","S. P. ENTERPRISE","24AQNPP8503E1ZS","3166667000013282066","PURCHASE BILL",630,0,-0.4,0,629.6,0,56.7,56.7,0,"NO","Local Detailed Cache"
827,"2025-12-18","P/3057/25-26","POWER LINE","24AAJPC1759K1ZP","3166667000012658963","PURCHASE BILL",20500,0,0,0,20500,0,1845,1845,0,"NO","Local Detailed Cache"
828,"2025-12-18","P/3058/25-26","POWER LINE","24AAJPC1759K1ZP","3166667000012678105","PURCHASE BILL",12000,0,0,0,12000,0,1080,1080,0,"NO","Local Detailed Cache"
829,"2025-12-18","1561/25-26","Nisharp Corp","24AONPS2897E1ZG","3166667000012704088","PURCHASE BILL",132.17,0,0.03,0,132.2,0,11.9,11.9,0,"NO","Local Detailed Cache"
830,"2025-12-18","1560/25-26","Nisharp Corp","24AONPS2897E1ZG","3166667000012704147","PURCHASE BILL",20000,0,0,0,20000,0,1800,1800,0,"NO","Local Detailed Cache"
831,"2025-12-18","GST-2878/25-26","JAY  SALES  CORPORATION","24ACUPP3547M1ZV","3166667000012723063","PURCHASE BILL",2902.8,0,0,0,2902.8,0,261.25,261.25,0,"NO","Local Detailed Cache"
832,"2025-12-18","003/25-26","KRISHNA ELECTRICAL","24HIVPK7464J1ZD","3166667000013056469","PURCHASE BILL",25699.9,0,0,0,25699.9,0,2312.99,2312.99,0,"NO","Local Detailed Cache"
833,"2025-12-18","004/25-26","KRISHNA ELECTRICAL","24HIVPK7464J1ZD","3166667000013056519","PURCHASE BILL",7500.35,0,0,0,7500.35,0,675.03,675.03,0,"NO","Local Detailed Cache"
834,"2025-12-18","005/25-26","KRISHNA ELECTRICAL","24HIVPK7464J1ZD","3166667000013056595","PURCHASE BILL",2487.65,0,0,0,2487.65,0,223.89,223.89,0,"NO","Local Detailed Cache"
835,"2025-12-18","006/25-26","KRISHNA ELECTRICAL","24HIVPK7464J1ZD","3166667000013056645","PURCHASE BILL",80500,0,0,0,80500,0,7245,7245,0,"NO","Local Detailed Cache"
836,"2025-12-18","007/25-26","KRISHNA ELECTRICAL","24HIVPK7464J1ZD","3166667000013056695","PURCHASE BILL",10881.75,0,0,0,10881.75,0,979.36,979.36,0,"NO","Local Detailed Cache"
837,"2025-12-18","SSE-016A/25-26","SHIV SHAKTI ENGINEERS","","3166667000013059297","PURCHASE BILL",7392,0,0,0,7392,0,0,0,0,"NO","Local Detailed Cache"
838,"2025-12-18","SSE-017A/25-26","SHIV SHAKTI ENGINEERS","","3166667000013059341","PURCHASE BILL",67252.8,0,0,0,67252.8,0,0,0,0,"NO","Local Detailed Cache"
839,"2025-12-18","SSE-018A/25-26","SHIV SHAKTI ENGINEERS","","3166667000013059385","PURCHASE BILL",98250,0,0,0,98250,0,0,0,0,"NO","Local Detailed Cache"
840,"2025-12-19","1454","SHIV ELECTRICALS","24AADPZ2489B1ZM","3166667000012704019","PURCHASE BILL",1320,0,0.4,0,1320.4,0,118.8,118.8,0,"NO","Local Detailed Cache"
841,"2025-12-19","T/236","D K ENTERPRISE","24AJKPD3044L1ZC","3166667000013075667","PURCHASE BILL",15772.06,0,-0.04,0,15772.019999999999,0,1419.49,1419.49,0,"NO","Local Detailed Cache"
842,"2025-12-19","T-3150/25-26","URMI ELECTRICALS","24AIYPV0796Q1ZV","3166667000013198221","PURCHASE BILL",3222.2,0,-0.2,0,3222,0,290,290,0,"NO","Local Detailed Cache"
843,"2025-12-20","100","SAMARTH ENGINEERS","24BBQPP1281A1ZU","3166667000012723298","PURCHASE BILL",16000,0,0,0,16000,0,1440,1440,0,"NO","Local Detailed Cache"
844,"2025-12-20","RRPT/25-26/770","RAJ RATAN POWER TRANSMISSION","24AASFR3357B1Z7","3166667000012771229","PURCHASE BILL",74304,0,0.28,0,74304.28,0,6687.36,6687.36,0,"NO","Local Detailed Cache"
845,"2025-12-20","25-26/7952","DEEPDEAL ELECTRICALS PRIVATE LIMITED","24AAGCD5792B1ZS","3166667000012771398","PURCHASE BILL",62563.04,0,-0.38,0,62562.66,0,5630.67,5630.67,0,"NO","Local Detailed Cache"
846,"2025-12-20","PS-82/2025-26","POWER SYSTEM","24BZXPP0171L1ZS","3166667000012821143","PURCHASE BILL",16500,0,0,0,16500,0,1485,1485,0,"NO","Local Detailed Cache"
847,"2025-12-20","ME/10891/25-26","MAHENDRA ELECTRICALS","24ACRPG8660K1Z3","3166667000012850009","PURCHASE BILL",131512,0,0,0,131512,0,11836.08,11836.08,0,"NO","Local Detailed Cache"
848,"2025-12-20","287","SPARX TECHNO ENGINEERS","24AFPFS3844C1ZX","3166667000012920576","PURCHASE BILL",9550,0,0,0,9550,0,781.5,781.5,0,"NO","Local Detailed Cache"
849,"2025-12-20","GST-03517/25-26","Shree Laxmi Industrial Electric","24FIBPP9779R1Z0","3166667000012925044","PURCHASE BILL",8561.1,0,-0.1,0,8561,0,770.5,770.5,0,"NO","Local Detailed Cache"
850,"2025-12-20","GST-03518/25-26","Shree Laxmi Industrial Electric","24FIBPP9779R1Z0","3166667000012925136","PURCHASE BILL",4240,0,0,0,4240,0,381.6,381.6,0,"NO","Local Detailed Cache"
851,"2025-12-20","7833/25-26","Zaral Electricals","24ACEPM6740R1Z3","3166667000012925247","PURCHASE BILL",19000,0,0,0,19000,0,1710,1710,0,"NO","Local Detailed Cache"
852,"2025-12-20","IE/25-26/547","INFLUX ELECTRIC  CO.","24AAXPO9200H1ZE","3166667000013075580","PURCHASE BILL",400.68,0,0,0,400.68,0,36.06,36.06,0,"NO","Local Detailed Cache"
853,"2025-12-20","T/237","D K ENTERPRISE","24AJKPD3044L1ZC","3166667000013075740","PURCHASE BILL",30750,0,0,0,30750,0,2767.5,2767.5,0,"NO","Local Detailed Cache"
854,"2025-12-20","T-3168/25-26","URMI ELECTRICALS","24AIYPV0796Q1ZV","3166667000013129075","PURCHASE BILL",3433.6,0,0.36,0,3433.96,0,309.02,309.02,0,"NO","Local Detailed Cache"
855,"2025-12-20","T-3167/25-26","URMI ELECTRICALS","24AIYPV0796Q1ZV","3166667000013201228","PURCHASE BILL",828.85,0,-0.05,0,828.8000000000001,0,74.6,74.6,0,"NO","Local Detailed Cache"
856,"2025-12-20","AE/25-26/1810","ARIHANT ENTERPRISES","24ADBPS9323C1ZS","3166667000013297001","PURCHASE BILL",4560,0,0,0,4560,0,410.4,410.4,0,"NO","Local Detailed Cache"
857,"2025-12-21","EES/25-26/49","EVERGREEN ELECTRICAL SERVICES","24GHTPP9763H1ZD","3166667000012771009","PURCHASE BILL",70000,0,0,0,70000,0,6300,6300,0,"NO","Local Detailed Cache"
858,"2025-12-21","AA2750154706","SCHNEIDER ELECTRIC INDIA PVT.LTD. - GJ","27AABCS1624G1ZN","3166667000012968269","PURCHASE BILL",575577.6,0,0,0,575577.6,103603.97,0,0,0,"NO","Local Detailed Cache"
859,"2025-12-22","MMEI/25-26/308","MM Engineering Industries Private Limited","24AALCM1692G1ZD","3166667000012771549","PURCHASE BILL",656549.35,0,-0.13,0,656549.22,0,59089.44,59089.44,0,"NO","Local Detailed Cache"
860,"2025-12-22","7876/25-26","Zaral Electricals","24ACEPM6740R1Z3","3166667000012932150","PURCHASE BILL",11210,0,0,0,11210,0,1008.9,1008.9,0,"NO","Local Detailed Cache"
861,"2025-12-23","RBR26D001996","CARAVEL MOTORS PRIVATE LIMITED","24AAACP7826N1Z2","3166667000013297283","PURCHASE BILL",1885.69,0,0,0,1885.69,0,169.71,169.71,0,"NO","Local Detailed Cache"
862,"2025-12-24","AA2750157312","SCHNEIDER ELECTRIC INDIA PVT.LTD. - GJ","27AABCS1624G1ZN","3166667000012875223","PURCHASE BILL",160086.24,0,0,0,160086.24,28815.52,0,0,0,"NO","Local Detailed Cache"
863,"2025-12-24","AA3350144933","SCHNEIDER ELECTRIC INDIA PVT.LTD. - GJ","33AABCS1624G1ZU","3166667000012875381","PURCHASE BILL",1264194.3,0,0,0,1264194.3,227554.97,0,0,0,"NO","Local Detailed Cache"
864,"2025-12-24","2526/GST2198","SARA Enterprises","24AQFPS8433E2ZR","3166667000013297135","PURCHASE BILL",1141,0,0,0,1141,0,102.69,102.69,0,"NO","Local Detailed Cache"
865,"2025-12-25","T-3219/25-26","URMI ELECTRICALS","24AIYPV0796Q1ZV","3166667000012850684","PURCHASE BILL",17570,500,0.4,0,17570.4,0,1581.3,1581.3,0,"NO","Local Detailed Cache"
866,"2025-12-25","020A/25-26","Mithilesh Kumar Patel","","3166667000013056423","PURCHASE BILL",8954.55,0,0,0,8954.55,0,0,0,0,"NO","Local Detailed Cache"
867,"2025-12-25","SSE-019A/25-26","SHIV SHAKTI ENGINEERS","","3166667000013059429","PURCHASE BILL",6435,0,0,0,6435,0,0,0,0,"NO","Local Detailed Cache"
868,"2025-12-25","4293","Samarth & Champion Associates","24AEPFS5351B1Z3","3166667000013075440","PURCHASE BILL",1275,0,0,0,1275,0,114.75,114.75,0,"NO","Local Detailed Cache"
869,"2025-12-25","2526/GST2203","SARA Enterprises","24AQFPS8433E2ZR","3166667000013075486","PURCHASE BILL",511,0,0.02,0,511.02,0,45.99,45.99,0,"NO","Local Detailed Cache"
870,"2025-12-25","T-3202/25-26","URMI ELECTRICALS","24AIYPV0796Q1ZV","3166667000013129129","PURCHASE BILL",6636.9,0,0.46,0,6637.36,0,597.32,597.32,0,"NO","Local Detailed Cache"
871,"2025-12-26","GST-03615/25-26","Shree Laxmi Industrial Electric","24FIBPP9779R1Z0","3166667000012920744","PURCHASE BILL",46716.29,0,0,0,46716.29,0,4204.47,4204.47,0,"NO","Local Detailed Cache"
872,"2025-12-26","GST-03617/25-26","Shree Laxmi Industrial Electric","24FIBPP9779R1Z0","3166667000012920921","PURCHASE BILL",7300,0,0,0,7300,0,657,657,0,"NO","Local Detailed Cache"
873,"2025-12-26","SPC/081/25-26","SHIVANSH ENGINEERING","24AICPC1186D1ZX","3166667000012942217","PURCHASE BILL",4500,0,0,0,4500,0,405,405,0,"NO","Local Detailed Cache"
874,"2025-12-26","AA2750158411","SCHNEIDER ELECTRIC INDIA PVT.LTD. - GJ","27AABCS1624G1ZN","3166667000012968336","PURCHASE BILL",431683.2,0,0,0,431683.2,77702.98,0,0,0,"NO","Local Detailed Cache"
875,"2025-12-26","IE/25-26/561","INFLUX ELECTRIC  CO.","24AAXPO9200H1ZE","3166667000013125628","PURCHASE BILL",2987.44,0,0,0,2987.44,0,268.87,268.87,0,"NO","Local Detailed Cache"
876,"2025-12-26","T-0033/25-26","NEW GOLDEN CABLE CORPORATION","24AAYFN0430F1ZD","3166667000013282251","PURCHASE BILL",18192,0,0,0,18192,0,1637.28,1637.28,0,"NO","Local Detailed Cache"
877,"2025-12-28","6/BC/25016283","R B Cars Pvt Ltd","24AAECR0683F1ZK","3166667000013129013","PURCHASE BILL",41219.87,330,-0.45,0,41219.420000000006,0,3709.79,3709.79,0,"NO","Local Detailed Cache"
878,"2025-12-28","IA229431456","Go Digit General Insurance Limited","24AACCO4128Q1Z6","3166667000013282199","PURCHASE BILL",645,0,0,0,645,0,58.05,58.05,0,"NO","Local Detailed Cache"
879,"2025-12-28","00004","Komal Enterprises","","3166667000016100047","PURCHASE BILL",475000,0,0,0,475000,0,0,0,0,"NO","Local Detailed Cache"
880,"2025-12-29","P/3213/25-26","POWER LINE","24AAJPC1759K1ZP","3166667000012900150","PURCHASE BILL",38000,0,0,0,38000,0,3420,3420,0,"NO","Local Detailed Cache"
881,"2025-12-29","000728/25-26","SIDDHANT ENTERPRISE","24ADEPK9895Q1ZJ","3166667000012920483","PURCHASE BILL",7370,0,0.4,0,7370.4,0,663.3,663.3,0,"NO","Local Detailed Cache"
882,"2025-12-29","GST-03655/25-26","Shree Laxmi Industrial Electric","24FIBPP9779R1Z0","3166667000012964033","PURCHASE BILL",9904,0,0.28,0,9904.28,0,891.36,891.36,0,"NO","Local Detailed Cache"
883,"2025-12-29","RRPT/25-26/799","RAJ RATAN POWER TRANSMISSION","24AASFR3357B1Z7","3166667000012964118","PURCHASE BILL",3019.2,0,0.34,0,3019.54,0,271.73,271.73,0,"NO","Local Detailed Cache"
884,"2025-12-29","EES/25-26/52","EVERGREEN ELECTRICAL SERVICES","24GHTPP9763H1ZD","3166667000013059473","PURCHASE BILL",235450,0,0,0,235450,0,21190.5,21190.5,0,"NO","Local Detailed Cache"
885,"2025-12-29","8112/25-26","Zaral Electricals","24ACEPM6740R1Z3","3166667000013125072","PURCHASE BILL",24400,0,0,0,24400,0,2088,2088,0,"NO","Local Detailed Cache"
886,"2025-12-29","IE/25-26/574","INFLUX ELECTRIC  CO.","24AAXPO9200H1ZE","3166667000013125213","PURCHASE BILL",2636.96,0,0,0,2636.96,0,237.33,237.33,0,"NO","Local Detailed Cache"
887,"2025-12-29","2756","SHREE NM ENTERPRISE","24ABVPY0452E1ZE","3166667000013201001","PURCHASE BILL",31539,0,0,0,31539,0,2838.51,2838.51,0,"NO","Local Detailed Cache"
888,"2025-12-30","699","KRISHNA ENTERPRISE","24ALDPA7721Q1Z0","3166667000012920996","PURCHASE BILL",5285.8,0,-0.24,0,5285.56,0,475.72,475.72,0,"NO","Local Detailed Cache"
889,"2025-12-30","ME/11260/25-26","MAHENDRA ELECTRICALS","24ACRPG8660K1Z3","3166667000012932079","PURCHASE BILL",29900,0,0,0,29900,0,2691,2691,0,"NO","Local Detailed Cache"
890,"2025-12-30","T/246","D K ENTERPRISE","24AJKPD3044L1ZC","3166667000012964247","PURCHASE BILL",15100,0,0,0,15100,0,1359,1359,0,"NO","Local Detailed Cache"
891,"2025-12-30","242410582763","V TRANS (INDIA) LIMITED","24AAACV1559Q1ZW","3166667000013297507","PURCHASE BILL",303.46,0,0,0,303.46,0,0,0,0,"YES","Local Detailed Cache"
892,"2025-12-31","109","TAXALT ENGINEERING AND CONSTRUCTION","24ALQPP8208G1ZT","3166667000012942025","PURCHASE BILL",313800.38,0,0,0,313800.38,0,28242.03,28242.03,0,"NO","Local Detailed Cache"
893,"2025-12-31","2025/26/006","MR. SANJAYKUMAR F RATHOD","","3166667000013056283","PURCHASE BILL",30000,0,0,0,30000,0,0,0,0,"NO","Local Detailed Cache"
894,"2025-12-31","2025/26/009","MR .ATIT KIRITBHAI SHAH","","3166667000013056325","PURCHASE BILL",44500,0,0,0,44500,0,0,0,0,"NO","Local Detailed Cache"
895,"2025-12-31","T-3248/25-26","URMI ELECTRICALS","24AIYPV0796Q1ZV","3166667000013198063","PURCHASE BILL",2420,0,0.4,0,2420.4,0,217.8,217.8,0,"NO","Local Detailed Cache"
896,"2025-12-31","CDT2534037904959","HDFC Bank Ltd","24AAACH2702H1Z6","3166667000013282155","PURCHASE BILL",30352.64,0,0,0,30352.64,0,2731.74,2731.74,0,"NO","Local Detailed Cache"
897,"2026-01-01","G/0526","FABIRON ENGINEERS PVT LTD","24AABCF3883G1ZP","3166667000012983430","PURCHASE BILL",365875,0,0.5,0,365875.5,0,32928.75,32928.75,0,"NO","Local Detailed Cache"
898,"2026-01-01","T-3280/25-26","URMI ELECTRICALS","24AIYPV0796Q1ZV","3166667000013553489","PURCHASE BILL",3219.95,0,0.45,0,3220.3999999999996,0,289.8,289.8,0,"NO","Local Detailed Cache"
899,"2026-01-01","GST-03712/25-26","Shree Laxmi Industrial Electric","24FIBPP9779R1Z0","3166667000013687222","PURCHASE BILL",5002,0,-0.36,0,5001.64,0,450.18,450.18,0,"NO","Local Detailed Cache"
900,"2026-01-02","8275/25-26","Zaral Electricals","24ACEPM6740R1Z3","3166667000013125735","PURCHASE BILL",2160,0,0.2,0,2160.2,0,194.4,194.4,0,"NO","Local Detailed Cache"
901,"2026-01-02","20015","SUB ENGINEERING","24HYTPP9406H1ZP","3166667000013125839","PURCHASE BILL",56000,0,0,0,56000,0,5040,5040,0,"NO","Local Detailed Cache"
902,"2026-01-02","711","KRISHNA ENTERPRISE","24ALDPA7721Q1Z0","3166667000013201115","PURCHASE BILL",2166.95,0,-0.01,0,2166.9399999999996,0,195.03,195.03,0,"NO","Local Detailed Cache"
903,"2026-01-02","SPPL25-26/5265","SHREE LIGHT POWER PVT LTD","24AAPCS4105G1ZH","3166667000013910737","PURCHASE BILL",3492.2,0,0.2,0,3492.3999999999996,0,314.3,314.3,0,"NO","Local Detailed Cache"
904,"2026-01-02","257/25-26","RAMESH STEEL AND ALLOYS","24CJHPB4514L1ZE","3166667000012985009","PURCHASE BILL",49100,0,0,0,49100,0,4419,4419,0,"NO","Local Detailed Cache"
905,"2026-01-02","8273/25-26","Zaral Electricals","24ACEPM6740R1Z3","3166667000012985082","PURCHASE BILL",33000,0,0,0,33000,0,2970,2970,0,"NO","Local Detailed Cache"
906,"2026-01-02","1256","VEDEE ASSOCIATES","24ADWPM6817E1Z8","3166667000012985170","PURCHASE BILL",69500,0,0,0,69500,0,6255,6255,0,"NO","Local Detailed Cache"
907,"2026-01-03","4456","Samarth & Champion Associates","24AEPFS5351B1Z3","3166667000013125795","PURCHASE BILL",280,0,0,0,280,0,25.2,25.2,0,"NO","Local Detailed Cache"
908,"2026-01-05","P/4006/25-26","POWER LINE","24AAJPC1759K1ZP","3166667000013136663","PURCHASE BILL",11400,0,0,0,11400,0,1026,1026,0,"NO","Local Detailed Cache"
909,"2026-01-05","135/25-26","WEST-COAST RENTALS","24AABFW6467A1ZC","3166667000013155526","PURCHASE BILL",18000,0,0,0,18000,0,1620,1620,0,"NO","Local Detailed Cache"
910,"2026-01-05","126/25-26","WEST-COAST RENTALS","24AABFW6467A1ZC","3166667000013155586","PURCHASE BILL",4000,0,0,0,4000,0,360,360,0,"NO","Local Detailed Cache"
911,"2026-01-05","6/BC/25016839","R B Cars Pvt Ltd","24AAECR0683F1ZK","3166667000013910218","PURCHASE BILL",1309.61,0,0,0,1309.61,0,117.86,117.86,0,"NO","Local Detailed Cache"
912,"2026-01-05","6/BC/25016840","R B Cars Pvt Ltd","24AAECR0683F1ZK","3166667000013910284","PURCHASE BILL",1121.48,0,0,0,1121.48,0,100.93,100.93,0,"NO","Local Detailed Cache"
913,"2026-01-07","1612/25-26","Nisharp Corp","24AONPS2897E1ZG","3166667000013136537","PURCHASE BILL",42747.36,0,0.12,0,42747.48,0,3847.26,3847.26,0,"NO","Local Detailed Cache"
914,"2026-01-07","1613/25-26","Nisharp Corp","24AONPS2897E1ZG","3166667000013155640","PURCHASE BILL",26301.83,0,-0.15,0,26301.68,0,2367.16,2367.16,0,"NO","Local Detailed Cache"
915,"2026-01-07","T-0042/25-26","NEW GOLDEN CABLE CORPORATION","24AAYFN0430F1ZD","3166667000013435290","PURCHASE BILL",10389,0,0,0,10389,0,935.01,935.01,0,"NO","Local Detailed Cache"
916,"2026-01-07","BVR-25-26-027126","YOU BROADBAND INDIA LIMITED","24AABCB6062F1Z2","3166667000013910123","PURCHASE BILL",2796,0,0,0,2796,0,251.5,251.5,0,"NO","Local Detailed Cache"
917,"2026-01-08","2504144","ACTIVE ENTERPRISE","24AAFFA7099E1ZG","3166667000013136009","PURCHASE BILL",3638,0,0.16,0,3638.16,0,327.42,327.42,0,"NO","Local Detailed Cache"
918,"2026-01-08","SAG/25-26/3128","SEEMACO  A G","24AAGFS7965N1ZF","3166667000013136110","PURCHASE BILL",30235,0,-0.3,0,30234.7,0,2721.15,2721.15,0,"NO","Local Detailed Cache"
919,"2026-01-08","T-3392/25-26","URMI ELECTRICALS","24AIYPV0796Q1ZV","3166667000013553575","PURCHASE BILL",2010.9,0,0.14,0,2011.0400000000002,0,180.98,180.98,0,"NO","Local Detailed Cache"
920,"2026-01-09","1295","VEDEE ASSOCIATES","24ADWPM6817E1Z8","3166667000013155278","PURCHASE BILL",21000,0,0,0,21000,0,1890,1890,0,"NO","Local Detailed Cache"
921,"2026-01-09","EES/25-26/55","EVERGREEN ELECTRICAL SERVICES","24GHTPP9763H1ZD","3166667000013227197","PURCHASE BILL",340660,0,0.2,0,340660.2,0,30659.4,30659.4,0,"NO","Local Detailed Cache"
922,"2026-01-09","1025260467505","ZOHO Corporation Private Limited","33AAACZ4322M2Z9","3166667000013899663","PURCHASE BILL",1829.19,0,0,0,1829.19,329.25,0,0,0,"NO","Local Detailed Cache"
923,"2026-01-09","1025260467699","ZOHO Corporation Private Limited","33AAACZ4322M2Z9","3166667000013899705","PURCHASE BILL",2750,0,0,0,2750,495,0,0,0,"NO","Local Detailed Cache"
924,"2026-01-09","VE-2526-039","VRAJ ENGINEERS","24APZPL9713R1ZP","3166667000013136231","PURCHASE BILL",170000,0,0,0,170000,0,15300,15300,0,"NO","Local Detailed Cache"
925,"2026-01-09","P/4056/25-26","POWER LINE","24AAJPC1759K1ZP","3166667000013136727","PURCHASE BILL",11400,0,0,0,11400,0,1026,1026,0,"NO","Local Detailed Cache"
926,"2026-01-10","25/26-1165","MYRX PHARMACY(GORWA)","","3166667000013201077","PURCHASE BILL",1000,0,0,0,1000,0,0,0,0,"NO","Local Detailed Cache"
927,"2026-01-10","GST-03826/25-26","Shree Laxmi Industrial Electric","24FIBPP9779R1Z0","3166667000013553049","PURCHASE BILL",8125,0,0,0,8125,0,731.25,731.25,0,"NO","Local Detailed Cache"
928,"2026-01-12","SPPL25-26/5452","SHREE LIGHT POWER PVT LTD","24AAPCS4105G1ZH","3166667000013381001","PURCHASE BILL",4096.48,0,0.16,0,4096.639999999999,0,368.68,368.68,0,"NO","Local Detailed Cache"
929,"2026-01-12","GST-03834/25-26","Shree Laxmi Industrial Electric","24FIBPP9779R1Z0","3166667000013553328","PURCHASE BILL",13022.07,0,-0.05,0,13022.02,0,1171.99,1171.99,0,"NO","Local Detailed Cache"
930,"2026-01-12","T-3432/25-26","URMI ELECTRICALS","24AIYPV0796Q1ZV","3166667000013553415","PURCHASE BILL",5245,0,-0.1,0,5244.9,0,472.05,472.05,0,"NO","Local Detailed Cache"
931,"2026-01-12","PPI2601722112095","HDFC BANK LIMITED - MAHARASTRA","27AAACH2702H5ZW","3166667000013899535","PURCHASE BILL",21,0,0,0,21,3.78,0,0,0,"NO","Local Detailed Cache"
932,"2026-01-13","T-3457/25-26","URMI ELECTRICALS","24AIYPV0796Q1ZV","3166667000013358955","PURCHASE BILL",5500,0,0,0,5500,0,495,495,0,"NO","Local Detailed Cache"
933,"2026-01-13","GST-03849/25-26","Shree Laxmi Industrial Electric","24FIBPP9779R1Z0","3166667000013506139","PURCHASE BILL",13000,0,0,0,13000,0,1170,1170,0,"NO","Local Detailed Cache"
934,"2026-01-13","GST-2825/25-26","GOLDEN CABLE CORPORATION","24AALFG4879J1ZV","3166667000013658081","PURCHASE BILL",81696,0,-0.28,0,81695.72,0,7352.64,7352.64,0,"NO","Local Detailed Cache"
935,"2026-01-13","PPI2601722131377","HDFC BANK LIMITED - MAHARASTRA","27AAACH2702H5ZW","3166667000013899577","PURCHASE BILL",10,0,0,0,10,1.8,0,0,0,"NO","Local Detailed Cache"
936,"2026-01-16","SAG/25-26/3180","SEEMACO  A G","24AAGFS7965N1ZF","3166667000013297597","PURCHASE BILL",10010,0,0.2,0,10010.2,0,900.9,900.9,0,"NO","Local Detailed Cache"
937,"2026-01-19","BE/2869/25-26","Bhatt Enterprise","24BCVPB8916Q1ZS","3166667000013333009","PURCHASE BILL",300000,0,0,0,300000,0,27000,27000,0,"NO","Local Detailed Cache"
938,"2026-01-19","T/266","D K ENTERPRISE","24AJKPD3044L1ZC","3166667000013342017","PURCHASE BILL",23500,0,0,0,23500,0,2115,2115,0,"NO","Local Detailed Cache"
939,"2026-01-19","102","Sai Electrical Services","24BTUPM8377E1Z1","3166667000013358805","PURCHASE BILL",63000,0,0,0,63000,0,5670,5670,0,"NO","Local Detailed Cache"
940,"2026-01-19","101","Sai Electrical Services","24BTUPM8377E1Z1","3166667000013358855","PURCHASE BILL",113000,0,0,0,113000,0,10170,10170,0,"NO","Local Detailed Cache"
941,"2026-01-19","100","Sai Electrical Services","24BTUPM8377E1Z1","3166667000013358907","PURCHASE BILL",126000,0,0,0,126000,0,11340,11340,0,"NO","Local Detailed Cache"
942,"2026-01-19","GST-2855/25-26","GOLDEN CABLE CORPORATION","24AALFG4879J1ZV","3166667000013435459","PURCHASE BILL",26425.26,0,0.2,0,26425.46,0,2378.27,2378.27,0,"NO","Local Detailed Cache"
943,"2026-01-19","T-3495/25-26","URMI ELECTRICALS","24AIYPV0796Q1ZV","3166667000013588077","PURCHASE BILL",7108.3,0,0.2,0,7108.5,0,639.75,639.75,0,"NO","Local Detailed Cache"
944,"2026-01-21","1125","INDIAN ELECTRIC AND POWER CONTROL INC.","24ABDPH6028D1Z7","3166667000013435009","PURCHASE BILL",13520,0,0,0,13520,0,1216.8,1216.8,0,"NO","Local Detailed Cache"
945,"2026-01-21","22832","R.K. CRANE","24HYPPK5741A1ZE","3166667000013435234","PURCHASE BILL",19350,0,0,0,19350,0,1741.5,1741.5,0,"NO","Local Detailed Cache"
946,"2026-01-22","TINVC2630188","R.A.ELECTRONICS. PVT.LTD.","24AAACR8755L1ZY","3166667000013588802","PURCHASE BILL",64830.51,0,-0.01,0,64830.5,0,5834.75,5834.75,0,"NO","Local Detailed Cache"
947,"2026-01-22","T-3514/25-26","URMI ELECTRICALS","24AIYPV0796Q1ZV","3166667000013385441","PURCHASE BILL",12190,0,-0.2,0,12189.8,0,1097.1,1097.1,0,"NO","Local Detailed Cache"
948,"2026-01-22","ME/4516/2025-26","MANN ENGINEERS","24AAKHM5573J1ZT","3166667000013435381","PURCHASE BILL",900,0,0,0,900,0,22.5,22.5,0,"NO","Local Detailed Cache"
949,"2026-01-22","32","ARUN KUSHWAHA","","3166667000013466050","PURCHASE BILL",157620,0,0,0,157620,0,0,0,0,"NO","Local Detailed Cache"
950,"2026-01-23","14557/25-26","ATMIYA  ISPAT","24AATFA0743P1Z2","3166667000013435761","PURCHASE BILL",46873,0,-0.14,0,46872.86,0,4218.57,4218.57,0,"NO","Local Detailed Cache"
951,"2026-01-23","14558/25-26","ATMIYA  ISPAT","24AATFA0743P1Z2","3166667000013439233","PURCHASE BILL",9862.5,0,0.24,0,9862.74,0,887.63,887.63,0,"NO","Local Detailed Cache"
952,"2026-01-23","V-TEL/25-26/1052","JAGANNATH INDUSTRIES","24ANSPT8182D1ZG","3166667000013588914","PURCHASE BILL",28000,0,0,0,28000,0,2520,2520,0,"NO","Local Detailed Cache"
953,"2026-01-23","SPPL25-26/5624","SHREE LIGHT POWER PVT LTD","24AAPCS4105G1ZH","3166667000013595026","PURCHASE BILL",89375.39,0,0.03,0,89375.42,0,8043.79,8043.79,0,"NO","Local Detailed Cache"
954,"2026-01-23","2025-26/001","Umiya Hardware","","3166667000019476149","PURCHASE BILL",14972,0,0,0,14972,0,0,0,0,"NO","Local Detailed Cache"
955,"2026-01-24","1648","SHIV ELECTRICALS","24AADPZ2489B1ZM","3166667000013537049","PURCHASE BILL",2625,0,0.5,0,2625.5,0,236.25,236.25,0,"NO","Local Detailed Cache"
956,"2026-01-24","PPI2603053619555","HDFC BANK LIMITED - MAHARASTRA","27AAACH2702H5ZW","3166667000013899619","PURCHASE BILL",10,0,0,0,10,1.8,0,0,0,"NO","Local Detailed Cache"
957,"2026-01-28","021A/25-26","Mithilesh Kumar Patel","","3166667000013588182","PURCHASE BILL",14658.6,0,0,0,14658.6,0,0,0,0,"NO","Local Detailed Cache"
958,"2026-01-28","SSE-023A/25-26","SHIV SHAKTI ENGINEERS","","3166667000013588226","PURCHASE BILL",55481.97,0,0,0,55481.97,0,0,0,0,"NO","Local Detailed Cache"
959,"2026-01-28","SSE-024A/25-26","SHIV SHAKTI ENGINEERS","","3166667000013588270","PURCHASE BILL",25090.23,0,0,0,25090.23,0,0,0,0,"NO","Local Detailed Cache"
960,"2026-01-28","025A/25-26","SHIV SHAKTI ENGINEERS","","3166667000013588314","PURCHASE BILL",41904.5,0,0,0,41904.5,0,0,0,0,"NO","Local Detailed Cache"
961,"2026-01-28","SSE-026A/25-26","SHIV SHAKTI ENGINEERS","","3166667000013588358","PURCHASE BILL",12378.7,0,0,0,12378.7,0,0,0,0,"NO","Local Detailed Cache"
962,"2026-01-28","SSE-027A/25-26","SHIV SHAKTI ENGINEERS","","3166667000013588402","PURCHASE BILL",69696,0,0,0,69696,0,0,0,0,"NO","Local Detailed Cache"
963,"2026-01-28","008/25-26","KRISHNA ELECTRICAL","24HIVPK7464J1ZD","3166667000013588467","PURCHASE BILL",17037.15,0,0.17,0,17037.32,0,1533.34,1533.34,0,"NO","Local Detailed Cache"
964,"2026-01-28","022A/25-26","Mithilesh Kumar Patel","","3166667000013588518","PURCHASE BILL",21131,0,0,0,21131,0,0,0,0,"NO","Local Detailed Cache"
965,"2026-01-28","025A/25-26","Mithilesh Kumar Patel","","3166667000013588606","PURCHASE BILL",143814.81,0,0,0,143814.81,0,0,0,0,"NO","Local Detailed Cache"
966,"2026-01-28","027A/25-26","Mithilesh Kumar Patel","","3166667000013588650","PURCHASE BILL",269819,0,0,0,269819,0,0,0,0,"NO","Local Detailed Cache"
967,"2026-01-28","026A/25-26","Mithilesh Kumar Patel","","3166667000013588694","PURCHASE BILL",173191.19,0,0,0,173191.19,0,0,0,0,"NO","Local Detailed Cache"
968,"2026-01-28","028A/25-26","Mithilesh Kumar Patel","","3166667000013588738","PURCHASE BILL",14642.1,0,0,0,14642.1,0,0,0,0,"NO","Local Detailed Cache"
969,"2026-01-28","024A/25-26","Mithilesh Kumar Patel","","3166667000013888529","PURCHASE BILL",15862.55,0,0,0,15862.55,0,0,0,0,"NO","Local Detailed Cache"
970,"2026-01-28","123","TAXALT ENGINEERING AND CONSTRUCTION","24ALQPP8208G1ZT","3166667000013588029","PURCHASE BILL",82450,0,0,0,82450,0,7420.5,7420.5,0,"NO","Local Detailed Cache"
971,"2026-01-29","2026/27/006","MR .ATIT KIRITBHAI SHAH","","3166667000019460455","PURCHASE BILL",200000,0,0,0,200000,0,0,0,0,"NO","Local Detailed Cache"
972,"2026-01-29","0016","KHUSHBU PARTH PANDYA","","3166667000013627067","PURCHASE BILL",50000,0,0,0,50000,0,0,0,0,"NO","Local Detailed Cache"
973,"2026-01-29","GT-299","PARMAR INDUSTRIES","27AAKFP7235N1ZL","3166667000013658218","PURCHASE BILL",268005,0,0,0,268005,48240.9,0,0,0,"NO","Local Detailed Cache"
974,"2026-01-29","6/BC/25018404","R B Cars Pvt Ltd","24AAECR0683F1ZK","3166667000013910328","PURCHASE BILL",10958.32,0,0,0,10958.32,0,986.24,986.24,0,"NO","Local Detailed Cache"
975,"2026-01-29","8945/25-26","Zaral Electricals","24ACEPM6740R1Z3","3166667000013910650","PURCHASE BILL",4200,0,0,0,4200,0,378,378,0,"NO","Local Detailed Cache"
976,"2026-01-29","00007","Komal Enterprises","","3166667000016100070","PURCHASE BILL",475000,0,0,0,475000,0,0,0,0,"NO","Local Detailed Cache"
977,"2026-01-29","2025-2026/0003","Deep Electrical","","3166667000019460581","PURCHASE BILL",10933.7,0,0,0,10933.7,0,0,0,0,"NO","Local Detailed Cache"
978,"2026-01-30","023A/25-26","Mithilesh Kumar Patel","","3166667000013588562","PURCHASE BILL",18513.55,0,0,0,18513.55,0,0,0,0,"NO","Local Detailed Cache"
979,"2026-01-30","00003","BHARGAV PARIKH","","3166667000013620513","PURCHASE BILL",100000,0,0,0,100000,0,0,0,0,"NO","Local Detailed Cache"
980,"2026-01-30","10670","SHIV SUPPLY COMPANY","24AEDPG1014M1ZZ","3166667000013627347","PURCHASE BILL",6396,0,-0.28,0,6395.72,0,575.64,575.64,0,"NO","Local Detailed Cache"
981,"2026-01-30","4866","Samarth & Champion Associates","24AEPFS5351B1Z3","3166667000013658424","PURCHASE BILL",3352,0,0,0,3352,0,301.68,301.68,0,"NO","Local Detailed Cache"
982,"2026-01-30","BE002/25-26","BHAVYADIP ELECTRO PANEL PRIVATE LIMITED","24AAOCB1004C1ZF","3166667000013677344","PURCHASE BILL",52464,0,0.48,0,52464.48,0,4721.76,4721.76,0,"NO","Local Detailed Cache"
983,"2026-01-30","0157/25-26","Ashutosh Markting","24AAVPT5462C1ZD","3166667000013836051","PURCHASE BILL",205000,0,0,0,205000,0,18450,18450,0,"NO","Local Detailed Cache"
984,"2026-01-31","T/291","D K ENTERPRISE","24AJKPD3044L1ZC","3166667000013620720","PURCHASE BILL",10586.16,0,0.34,0,10586.5,0,952.75,952.75,0,"NO","Local Detailed Cache"
985,"2026-01-31","LE/25-26/2801","LAXMI ENTERPRISE","24AFOPB4722P1Z8","3166667000013620879","PURCHASE BILL",65996,0,-0.28,0,65995.72,0,5939.64,5939.64,0,"NO","Local Detailed Cache"
986,"2026-01-31","000804/25-26","SIDDHANT ENTERPRISE","24ADEPK9895Q1ZJ","3166667000013658378","PURCHASE BILL",1250,0,0,0,1250,0,112.5,112.5,0,"NO","Local Detailed Cache"
987,"2026-01-31","2025/26/010","MR .ATIT KIRITBHAI SHAH","","3166667000013687001","PURCHASE BILL",44500,0,0,0,44500,0,0,0,0,"NO","Local Detailed Cache"
988,"2026-01-31","2025/26/007","MR. SANJAYKUMAR F RATHOD","","3166667000013687045","PURCHASE BILL",30000,0,0,0,30000,0,0,0,0,"NO","Local Detailed Cache"
989,"2026-01-31","469235586","City Health And Industrial Services","","3166667000013687299","PURCHASE BILL",2400,0,0,0,2400,0,0,0,0,"NO","Local Detailed Cache"
990,"2026-01-31","2025/26/011","MR .ATIT KIRITBHAI SHAH","","3166667000013743237","PURCHASE BILL",60000,0,0,0,60000,0,0,0,0,"NO","Local Detailed Cache"
991,"2026-01-31","25-26/2255","SUBODHAN ENGINEERS PUNE PVT LTD","27AACCS3640K1Z9","3166667000013784013","PURCHASE BILL",17250,0,0,0,17250,3105,0,0,0,"NO","Local Detailed Cache"
992,"2026-02-01","OST-25-26/551","OM SAI TRANSPORT","24ACBPV4681K1Z7","3166667000014830799","PURCHASE BILL",16100,0,0,0,16100,0,0,0,0,"YES","Local Detailed Cache"
993,"2026-02-02","IE/25-26/699","INFLUX ELECTRIC  CO.","24AAXPO9200H1ZE","3166667000013677140","PURCHASE BILL",3485.6,0,0,0,3485.6,0,313.7,313.7,0,"NO","Local Detailed Cache"
994,"2026-02-02","544/25-26","GUNJA SALES","24ADMPM5410B1Z1","3166667000013677194","PURCHASE BILL",22785,0,-0.3,0,22784.7,0,2050.65,2050.65,0,"NO","Local Detailed Cache"
995,"2026-02-02","545/25-26","GUNJA SALES","24ADMPM5410B1Z1","3166667000013677247","PURCHASE BILL",16586,0,-0.48,0,16585.52,0,1492.74,1492.74,0,"NO","Local Detailed Cache"
996,"2026-02-03","DPFEB26072386","SBICAP SECURITIES LIMITED","24AAJCS3407M1Z7","3166667000014823002","PURCHASE BILL",500,0,0,0,500,0,45,45,0,"NO","Local Detailed Cache"
997,"2026-02-03","PPI2604074734779","HDFC BANK LIMITED - MAHARASTRA","27AAACH2702H5ZW","3166667000014823092","PURCHASE BILL",21,0,0,0,21,3.78,0,0,0,"NO","Local Detailed Cache"
998,"2026-02-03","NCB2603566941198","HDFC Bank Ltd","24AAACH2702H1Z6","3166667000014830034","PURCHASE BILL",404.25,0,0,0,404.25,0,36.38,36.38,0,"NO","Local Detailed Cache"
999,"2026-02-03","552/25-26","GUNJA SALES","24ADMPM5410B1Z1","3166667000014872630","PURCHASE BILL",45040,0,0,0,45040,0,4053.6,4053.6,0,"NO","Local Detailed Cache"
1000,"2026-02-03","9087/25-26","Zaral Electricals","24ACEPM6740R1Z3","3166667000013677059","PURCHASE BILL",6500,0,0,0,6500,0,481,481,0,"NO","Local Detailed Cache"
1001,"2026-02-03","SE/2025-2026-07","SUPERTECH ENGINEER","24ACKFS0725N1ZV","3166667000013686019","PURCHASE BILL",30000,0,0,0,30000,0,2700,2700,0,"NO","Local Detailed Cache"
1002,"2026-02-03","PLM/25-26/1154","PROJECTLINE MATERIALS","24AETPV1024N1Z0","3166667000013706333","PURCHASE BILL",70000,0,0,0,70000,0,6300,6300,0,"NO","Local Detailed Cache"
1003,"2026-02-03","550/25-26","GUNJA SALES","24ADMPM5410B1Z1","3166667000014044001","PURCHASE BILL",6990,0,-0.2,0,6989.8,0,629.1,629.1,0,"NO","Local Detailed Cache"
1004,"2026-02-03","2025-26/0001","Umiya Hardware","","3166667000019476006","PURCHASE BILL",11826.78,0,0,0,11826.78,0,0,0,0,"NO","Local Detailed Cache"
1005,"2026-02-04","ME/12406/25-26","MAHENDRA ELECTRICALS","24ACRPG8660K1Z3","3166667000013800360","PURCHASE BILL",5100,0,0,0,5100,0,459,459,0,"NO","Local Detailed Cache"
1006,"2026-02-04","25346","VITAL ENGINEERING INSTRUMENTS PRIVATE LIMITED","24AAKCV9849F1ZS","3166667000013800445","PURCHASE BILL",61500,0,0,0,61500,0,5535,5535,0,"NO","Local Detailed Cache"
1007,"2026-02-04","1967","CHAMUNDA HARDWARE AND TRADERS","24ALJPP8970A1ZZ","3166667000014818602","PURCHASE BILL",1014,0,0.48,0,1014.48,0,91.26,91.26,0,"NO","Local Detailed Cache"
1008,"2026-02-05","GST-3389/25-26","JAY  SALES  CORPORATION","24ACUPP3547M1ZV","3166667000014044570","PURCHASE BILL",6120,0,0.4,0,6120.4,0,550.8,550.8,0,"NO","Local Detailed Cache"
1009,"2026-02-05","11","AKSHAR ELECTRICAL","24BPCPP9716G2ZQ","3166667000014056370","PURCHASE BILL",17000,0,0,0,17000,0,1530,1530,0,"NO","Local Detailed Cache"
1010,"2026-02-06","ME/4719/2025-26","MANN ENGINEERS","24AAKHM5573J1ZT","3166667000014044400","PURCHASE BILL",6250,0,0.5,0,6250.5,0,156.25,156.25,0,"NO","Local Detailed Cache"
1011,"2026-02-06","4997","Samarth & Champion Associates","24AEPFS5351B1Z3","3166667000014044452","PURCHASE BILL",2430,0,0,0,2430,0,218.7,218.7,0,"NO","Local Detailed Cache"
1012,"2026-02-06","T-3681/25-26","URMI ELECTRICALS","24AIYPV0796Q1ZV","3166667000014818784","PURCHASE BILL",4562,0,-0.16,0,4561.84,0,410.58,410.58,0,"NO","Local Detailed Cache"
1013,"2026-02-07","566/25-26","GUNJA SALES","24ADMPM5410B1Z1","3166667000013800591","PURCHASE BILL",21878.45,0,0.43,0,21878.88,0,1969.06,1969.06,0,"NO","Local Detailed Cache"
1014,"2026-02-07","AA2760019035","SCHNEIDER ELECTRIC INDIA PVT.LTD. - GJ","27AABCS1624G1ZN","3166667000013944009","PURCHASE BILL",2558607.41,0,0.26,0,2558607.67,460549.33,0,0,0,"NO","Local Detailed Cache"
1015,"2026-02-08","6/BC/25019212","R B Cars Pvt Ltd","24AAECR0683F1ZK","3166667000014818646","PURCHASE BILL",199.32,0,0,0,199.32,0,17.94,17.94,0,"NO","Local Detailed Cache"
1016,"2026-02-09","AT/2175","Atlantic Industrial and Safety","24ARTPR3229C1ZP","3166667000013994892","PURCHASE BILL",2000,0,0,0,2000,0,50,50,0,"NO","Local Detailed Cache"
1017,"2026-02-09","SSE-020A/25-26","SHIV SHAKTI ENGINEERS","","3166667000014871438","PURCHASE BILL",27500,0,0,0,27500,0,0,0,0,"NO","Local Detailed Cache"
1018,"2026-02-09","SSE-021A/25-26","SHIV SHAKTI ENGINEERS","","3166667000014871482","PURCHASE BILL",4955.5,0,0,0,4955.5,0,0,0,0,"NO","Local Detailed Cache"
1019,"2026-02-09","SSE-022A/25-26","SHIV SHAKTI ENGINEERS","","3166667000014871550","PURCHASE BILL",4680,0,0,0,4680,0,0,0,0,"NO","Local Detailed Cache"
1020,"2026-02-09","SSE-028A/25-26","SHIV SHAKTI ENGINEERS","","3166667000014871594","PURCHASE BILL",50000,0,0,0,50000,0,0,0,0,"NO","Local Detailed Cache"
1021,"2026-02-09","568/25-26","GUNJA SALES","24ADMPM5410B1Z1","3166667000013944074","PURCHASE BILL",3300,0,0,0,3300,0,297,297,0,"NO","Local Detailed Cache"
1022,"2026-02-10","1025260528307","ZOHO Corporation Private Limited","33AAACZ4322M2Z9","3166667000013856388","PURCHASE BILL",810.44,0,0,0,810.44,145.88,0,0,0,"NO","Local Detailed Cache"
1023,"2026-02-10","002A/25-26/Maruti","Mithilesh Kumar Patel","","3166667000013888669","PURCHASE BILL",32615,0,0,0,32615,0,0,0,0,"NO","Local Detailed Cache"
1024,"2026-02-10","029A/25-26","SHIV SHAKTI ENGINEERS","","3166667000013888715","PURCHASE BILL",295231.56,0,0,0,295231.56,0,0,0,0,"NO","Local Detailed Cache"
1025,"2026-02-10","EES/25-26/62","EVERGREEN ELECTRICAL SERVICES","24GHTPP9763H1ZD","3166667000014056060","PURCHASE BILL",115250,0,0,0,115250,0,10372.5,10372.5,0,"NO","Local Detailed Cache"
1026,"2026-02-10","2025-2026/0006","Deep Electrical","","3166667000019476311","PURCHASE BILL",14212.8,0,0,0,14212.8,0,0,0,0,"NO","Local Detailed Cache"
1027,"2026-02-11","029A/25-26","Mithilesh Kumar Patel","","3166667000013888623","PURCHASE BILL",15210,0,0,0,15210,0,0,0,0,"NO","Local Detailed Cache"
1028,"2026-02-11","114","Sai Electrical Services","24BTUPM8377E1Z1","3166667000014127813","PURCHASE BILL",120300,0,0,0,120300,0,10827,10827,0,"NO","Local Detailed Cache"
1029,"2026-02-12","RRPT/25-26/955","RAJ RATAN POWER TRANSMISSION","24AASFR3357B1Z7","3166667000013884083","PURCHASE BILL",107251,0,0,0,107251,0,9652.59,9652.59,0,"NO","Local Detailed Cache"
1030,"2026-02-12","148/25-26","WEST-COAST RENTALS","24AABFW6467A1ZC","3166667000013994996","PURCHASE BILL",18000,0,0,0,18000,0,1620,1620,0,"NO","Local Detailed Cache"
1031,"2026-02-12","142/25-26","WEST-COAST RENTALS","24AABFW6467A1ZC","3166667000014056518","PURCHASE BILL",4000,0,0,0,4000,0,360,360,0,"NO","Local Detailed Cache"
1032,"2026-02-12","16","R.K. CRANE","24HYPPK5741A1ZE","3166667000014629029","PURCHASE BILL",6300,0,0,0,6300,0,567,567,0,"NO","Local Detailed Cache"
1033,"2026-02-13","3042/25-26","TUBE TRADING CO","24ABAPS5276M1Z8","3166667000014374009","PURCHASE BILL",44850,0,0,0,44850,0,4036.5,4036.5,0,"NO","Local Detailed Cache"
1034,"2026-02-14","1161","INDIAN ELECTRIC AND POWER CONTROL INC.","24ABDPH6028D1Z7","3166667000013994701","PURCHASE BILL",27040,0,0,0,27040,0,2433.6,2433.6,0,"NO","Local Detailed Cache"
1035,"2026-02-14","ME/12590/25-26","MAHENDRA ELECTRICALS","24ACRPG8660K1Z3","3166667000014044659","PURCHASE BILL",1803,0,0.46,0,1803.46,0,162.27,162.27,0,"NO","Local Detailed Cache"
1036,"2026-02-14","5161","Samarth & Champion Associates","24AEPFS5351B1Z3","3166667000014677025","PURCHASE BILL",360,0,0,0,360,0,32.4,32.4,0,"NO","Local Detailed Cache"
1037,"2026-02-14","2025-26/006","MAITRI ELECTRICALS","","3166667000019476230","PURCHASE BILL",15500,0,0,0,15500,0,0,0,0,"NO","Local Detailed Cache"
1038,"2026-02-16","1772","SHIV ELECTRICALS","24AADPZ2489B1ZM","3166667000013944123","PURCHASE BILL",1600,0,0,0,1600,0,144,144,0,"NO","Local Detailed Cache"
1039,"2026-02-16","2504580","ACTIVE ENTERPRISE","24AAFFA7099E1ZG","3166667000013965009","PURCHASE BILL",28430,0,-0.4,0,28429.6,0,2558.7,2558.7,0,"NO","Local Detailed Cache"
1040,"2026-02-16","9477/25-26","Zaral Electricals","24ACEPM6740R1Z3","3166667000014056009","PURCHASE BILL",3300,0,0,0,3300,0,297,297,0,"NO","Local Detailed Cache"
1041,"2026-02-16","12","AKSHAR ELECTRICAL","24BPCPP9716G2ZQ","3166667000014056282","PURCHASE BILL",30800,0,0,0,30800,0,2772,2772,0,"NO","Local Detailed Cache"
1042,"2026-02-17","1513","SARINA WHEEL","24BTWPS9551C1Z3","3166667000014056172","PURCHASE BILL",42372.88,6000,0,0,42372.88,0,3813.56,3813.56,0,"NO","Local Detailed Cache"
1043,"2026-02-17","13","AKSHAR ELECTRICAL","24BPCPP9716G2ZQ","3166667000014056326","PURCHASE BILL",620169.41,0,0,0,620169.41,0,55815.25,55815.25,0,"NO","Local Detailed Cache"
1044,"2026-02-17","030A/25-26","SHIV SHAKTI ENGINEERS","","3166667000014127481","PURCHASE BILL",543762.6,0,0,0,543762.6,0,0,0,0,"NO","Local Detailed Cache"
1045,"2026-02-17","031A/25-26","SHIV SHAKTI ENGINEERS","","3166667000014127527","PURCHASE BILL",279842,0,0,0,279842,0,0,0,0,"NO","Local Detailed Cache"
1046,"2026-02-18","136","TAXALT ENGINEERING AND CONSTRUCTION","24ALQPP8208G1ZT","3166667000013988248","PURCHASE BILL",389668.4,0,0.28,0,389668.68000000005,0,35070.16,35070.16,0,"NO","Local Detailed Cache"
1047,"2026-02-18","2511","Electro Sales Corporation","24AOOPP7070F1ZP","3166667000013988593","PURCHASE BILL",335.4,0,0.22,0,335.62,0,30.19,30.19,0,"NO","Local Detailed Cache"
1048,"2026-02-18","2512","Electro Sales Corporation","24AOOPP7070F1ZP","3166667000013988654","PURCHASE BILL",7025.7,0,0,0,7025.7,0,632.31,632.31,0,"NO","Local Detailed Cache"
1049,"2026-02-18","IE/25-26/754","INFLUX ELECTRIC  CO.","24AAXPO9200H1ZE","3166667000014023171","PURCHASE BILL",585,0,0,0,585,0,52.65,52.65,0,"NO","Local Detailed Cache"
1050,"2026-02-18","5217","Samarth & Champion Associates","24AEPFS5351B1Z3","3166667000014677073","PURCHASE BILL",1209,0,0,0,1209,0,108.81,108.81,0,"NO","Local Detailed Cache"
1051,"2026-02-19","9602/25-26","Zaral Electricals","24ACEPM6740R1Z3","3166667000014012013","PURCHASE BILL",20955,0,0.1,0,20955.1,0,1885.95,1885.95,0,"NO","Local Detailed Cache"
1052,"2026-02-19","9603/25-26","Zaral Electricals","24ACEPM6740R1Z3","3166667000014023021","PURCHASE BILL",3250,0,0,0,3250,0,240.5,240.5,0,"NO","Local Detailed Cache"
1053,"2026-02-19","IE/25-26/762","INFLUX ELECTRIC  CO.","24AAXPO9200H1ZE","3166667000014023114","PURCHASE BILL",1044,0,0,0,1044,0,93.96,93.96,0,"NO","Local Detailed Cache"
1054,"2026-02-19","587/25-26","GUNJA SALES","24ADMPM5410B1Z1","3166667000014023224","PURCHASE BILL",14800,0,0,0,14800,0,1332,1332,0,"NO","Local Detailed Cache"
1055,"2026-02-19","PLM/25-26/1242","PROJECTLINE MATERIALS","24AETPV1024N1Z0","3166667000014023295","PURCHASE BILL",71400,0,0,0,71400,0,6426,6426,0,"NO","Local Detailed Cache"
1056,"2026-02-19","T-3806/25-26","URMI ELECTRICALS","24AIYPV0796Q1ZV","3166667000014818828","PURCHASE BILL",13341.29,0,0.27,0,13341.560000000001,0,1200.72,1200.72,0,"NO","Local Detailed Cache"
1057,"2026-02-20","T-3817/25-26","URMI ELECTRICALS","24AIYPV0796Q1ZV","3166667000014818874","PURCHASE BILL",984.92,0,-0.2,0,984.7199999999999,0,88.64,88.64,0,"NO","Local Detailed Cache"
1058,"2026-02-21","009/25-26","KRISHNA ELECTRICAL","24HIVPK7464J1ZD","3166667000014284308","PURCHASE BILL",147855,0,0,0,147855,0,13306.95,13306.95,0,"NO","Local Detailed Cache"
1059,"2026-02-23","MP-1110/25-26","GOLDEN CABLE CORPORATION","24AALFG4879J1ZV","3166667000014127602","PURCHASE BILL",133909.71,0,-0.45,0,133909.25999999998,0,12051.87,12051.87,0,"NO","Local Detailed Cache"
1060,"2026-02-23","25-26/9879","DEEPDEAL ELECTRICALS PRIVATE LIMITED","24AAGCD5792B1ZS","3166667000014127889","PURCHASE BILL",84572.49,0,0.47,0,84572.96,0,7611.52,7611.52,0,"NO","Local Detailed Cache"
1061,"2026-02-23","GST-04409/25-26","Shree Laxmi Industrial Electric","24FIBPP9779R1Z0","3166667000014466705","PURCHASE BILL",19500,0,0,0,19500,0,1755,1755,0,"NO","Local Detailed Cache"
1062,"2026-02-24","AA2460000140","SCHNEIDER ELECTRIC INDIA PVT.LTD. - GJ","24AABCS1624G1ZT","3166667000014100063","PURCHASE BILL",205261.74,0,0,0,205261.74,0,18473.56,18473.56,0,"NO","Local Detailed Cache"
1063,"2026-02-24","AA2460000141","SCHNEIDER ELECTRIC INDIA PVT.LTD. - GJ","24AABCS1624G1ZT","3166667000014100166","PURCHASE BILL",37573.86,0,0,0,37573.86,0,3381.65,3381.65,0,"NO","Local Detailed Cache"
1064,"2026-02-24","AA2460000139","SCHNEIDER ELECTRIC INDIA PVT.LTD. - GJ","24AABCS1624G1ZT","3166667000014100233","PURCHASE BILL",2853006.66,0,0,0,2853006.66,0,256770.6,256770.6,0,"NO","Local Detailed Cache"
1065,"2026-02-24","14","AKSHAR ELECTRICAL","24BPCPP9716G2ZQ","3166667000014127765","PURCHASE BILL",235377.64,0,0,0,235377.64,0,21183.99,21183.99,0,"NO","Local Detailed Cache"
1066,"2026-02-24","2526/GST2691","SARA Enterprises","24AQFPS8433E2ZR","3166667000014284478","PURCHASE BILL",2231.2,0,0.18,0,2231.3799999999997,0,200.81,200.81,0,"NO","Local Detailed Cache"
1067,"2026-02-24","25-26/5502","Vikas Hardware & Electrical","24ACKPC5565E1ZT","3166667000014830078","PURCHASE BILL",1208,0,-0.44,0,1207.56,0,108.72,108.72,0,"NO","Local Detailed Cache"
1068,"2026-02-25","IE/25-26/790","INFLUX ELECTRIC  CO.","24AAXPO9200H1ZE","3166667000014284227","PURCHASE BILL",9161.86,0,0,0,9161.86,0,824.57,824.57,0,"NO","Local Detailed Cache"
1069,"2026-02-25","010/25-26","KRISHNA ELECTRICAL","24HIVPK7464J1ZD","3166667000014284369","PURCHASE BILL",272505.31,0,0,0,272505.31,0,24525.48,24525.48,0,"NO","Local Detailed Cache"
1070,"2026-02-25","T-3859/25-26","URMI ELECTRICALS","24AIYPV0796Q1ZV","3166667000014818920","PURCHASE BILL",692.6,0,-0.26,0,692.34,0,62.33,62.33,0,"NO","Local Detailed Cache"
1071,"2026-02-25","KHT/25-26/1128","KRISHNA HARDWARE & TOOLS","24DCWPP6655M1ZJ","3166667000016373004","PURCHASE BILL",828.8,0,0.02,0,828.8199999999999,0,74.59,74.59,0,"NO","Local Detailed Cache"
1072,"2026-02-25","603/25-26","GUNJA SALES","24ADMPM5410B1Z1","3166667000014100551","PURCHASE BILL",18600,0,0,0,18600,0,1674,1674,0,"NO","Local Detailed Cache"
1073,"2026-02-25","SPPL25-26/6193","SHREE LIGHT POWER PVT LTD","24AAPCS4105G1ZH","3166667000014100659","PURCHASE BILL",142610.4,0,0,0,142610.4,0,12834.94,12834.94,0,"NO","Local Detailed Cache"
1074,"2026-02-25","2570","Electro Sales Corporation","24AOOPP7070F1ZP","3166667000014284013","PURCHASE BILL",2425.5,0,-0.1,0,2425.4,0,218.3,218.3,0,"NO","Local Detailed Cache"
1075,"2026-02-25","011/25-26","KRISHNA ELECTRICAL","24HIVPK7464J1ZD","3166667000014284074","PURCHASE BILL",92159.05,0,0,0,92159.05,0,8294.31,8294.31,0,"NO","Local Detailed Cache"
1076,"2026-02-25","030A/25-26","Mithilesh Kumar Patel","","3166667000014284127","PURCHASE BILL",25337.26,0,0,0,25337.26,0,0,0,0,"NO","Local Detailed Cache"
1077,"2026-02-25","031A/25-26","Mithilesh Kumar Patel","","3166667000014284173","PURCHASE BILL",7054.74,0,0,0,7054.74,0,0,0,0,"NO","Local Detailed Cache"
1078,"2026-02-26","16477/25-26","ATMIYA  ISPAT","24AATFA0743P1Z2","3166667000014145736","PURCHASE BILL",28316,0,0.12,0,28316.12,0,2548.44,2548.44,0,"NO","Local Detailed Cache"
1079,"2026-02-26","2526/GST2731","SARA Enterprises","24AQFPS8433E2ZR","3166667000014284422","PURCHASE BILL",1000,0,0,0,1000,0,90,90,0,"NO","Local Detailed Cache"
1080,"2026-02-26","NL-2526001","Naresh Luharia","","3166667000014443846","PURCHASE BILL",233000,0,0,0,233000,0,0,0,0,"NO","Local Detailed Cache"
1081,"2026-02-26","0002","Parmar Kamleshbhai  Dahyabhai","","3166667000014443892","PURCHASE BILL",20000,0,0,0,20000,0,0,0,0,"NO","Local Detailed Cache"
1082,"2026-02-26","NK09I0226/021659","INFO EDGE INDIA LTD","09AAACI1838D1ZU","3166667000014665270","PURCHASE BILL",32000,0,0,0,32000,5760,0,0,0,"NO","Local Detailed Cache"
1083,"2026-02-26","6/BC/25020451","R B Cars Pvt Ltd","24AAECR0683F1ZK","3166667000014818690","PURCHASE BILL",6236.59,0,-0.19,0,6236.400000000001,0,561.3,561.3,0,"NO","Local Detailed Cache"
1084,"2026-02-26","2025-2026/001","MAITRI ELECTRICALS","","3166667000019460476","PURCHASE BILL",15320,0,0,0,15320,0,0,0,0,"NO","Local Detailed Cache"
1085,"2026-02-26","CN-25-26/273","SHREE LIGHT POWER PVT LTD","","3166667000014834291","VENDOR CREDIT",-15610.4,0,0,0,-15610.4,0,0,0,0,"NO","Zoho List Cache"
1086,"2026-02-27","00010","Komal Enterprises","","3166667000016100024","PURCHASE BILL",475000,0,0,0,475000,0,0,0,0,"NO","Local Detailed Cache"
1087,"2026-02-28","143","TAXALT ENGINEERING AND CONSTRUCTION","24ALQPP8208G1ZT","3166667000014168161","PURCHASE BILL",31428,0,0,0,31428,0,2828.52,2828.52,0,"NO","Local Detailed Cache"
1088,"2026-02-28","611/25-26","GUNJA SALES","24ADMPM5410B1Z1","3166667000014284546","PURCHASE BILL",15421,0,0.22,0,15421.22,0,1387.89,1387.89,0,"NO","Local Detailed Cache"
1089,"2026-02-28","AVT/25-26/088","AV TECNOLOGIES","24ABRFA9532D1ZE","3166667000014284635","PURCHASE BILL",1600,0,0,0,1600,0,144,144,0,"NO","Local Detailed Cache"
1090,"2026-02-28","2025/26/012","MR .ATIT KIRITBHAI SHAH","","3166667000014336001","PURCHASE BILL",44500,0,0,0,44500,0,0,0,0,"NO","Local Detailed Cache"
1091,"2026-02-28","2025/26/008","MR. SANJAYKUMAR F RATHOD","","3166667000014336138","PURCHASE BILL",30000,0,0,0,30000,0,0,0,0,"NO","Local Detailed Cache"
1092,"2026-02-28","GST-04534/25-26","Shree Laxmi Industrial Electric","24FIBPP9779R1Z0","3166667000014466552","PURCHASE BILL",1940,0,-0.2,0,1939.8,0,174.6,174.6,0,"NO","Local Detailed Cache"
1093,"2026-02-28","INVFEB26114132","SBICAP SECURITIES LIMITED","24AAJCS3407M1Z7","3166667000014823046","PURCHASE BILL",684.8,0,0,0,684.8,0,61.63,61.63,0,"NO","Local Detailed Cache"
1094,"2026-03-01","DE/00251/25-26","DYNAMIC ENGINEERS","24BKHPP0635G1ZC","3166667000014800009","PURCHASE BILL",14060,0,0.2,0,14060.2,0,1265.4,1265.4,0,"NO","Local Detailed Cache"
1095,"2026-03-02","T-3956/25-26","URMI ELECTRICALS","24AIYPV0796Q1ZV","3166667000014466848","PURCHASE BILL",1008,0,-0.44,0,1007.56,0,90.72,90.72,0,"NO","Local Detailed Cache"
1096,"2026-03-02","RT/25-26/0218","ROUTE TECHNOLOGIES","24AAXFR6788B1ZL","3166667000014551618","PURCHASE BILL",109250,0,0,0,109250,0,9832.5,9832.5,0,"NO","Local Detailed Cache"
1097,"2026-03-02","G/003627","Ganesh Trading Co.","24AIMPC9827F1Z7","3166667000014693107","PURCHASE BILL",1426.8,0,0.38,0,1427.18,0,128.41,128.41,0,"NO","Local Detailed Cache"
1098,"2026-03-02","1025260565727","ZOHO Corporation Private Limited","33AAACZ4322M2Z9","3166667000015834343","PURCHASE BILL",2139.1,0,0,0,2139.1,385.04,0,0,0,"NO","Local Detailed Cache"
1099,"2026-03-03","GST-3678/25-26","JAY  SALES  CORPORATION","24ACUPP3547M1ZV","3166667000014443436","PURCHASE BILL",2712,0,0,0,2712,0,244.08,244.08,0,"NO","Local Detailed Cache"
1100,"2026-03-03","9926/25-26","Zaral Electricals","24ACEPM6740R1Z3","3166667000014466771","PURCHASE BILL",7040,0,0,0,7040,0,633.6,633.6,0,"NO","Local Detailed Cache"
1101,"2026-03-03","ME/01349/25-26","RKMG ELECTRICALS PRIVATE LIMITED","24AAOCR7178R1Z9","3166667000014486243","PURCHASE BILL",7098,0,0.36,0,7098.36,0,638.82,638.82,0,"NO","Local Detailed Cache"
1102,"2026-03-03","2504817","ACTIVE ENTERPRISE","24AAFFA7099E1ZG","3166667000014443347","PURCHASE BILL",28300,0,0,0,28300,0,2547,2547,0,"NO","Local Detailed Cache"
1103,"2026-03-03","2025-26/0005","Umiya Hardware","","3166667000019476069","PURCHASE BILL",10903.5,0,0,0,10903.5,0,0,0,0,"NO","Local Detailed Cache"
1104,"2026-03-05","SAG/25-26/3767","SEEMACO  A G","24AAGFS7965N1ZF","3166667000014443282","PURCHASE BILL",4350,0,0,0,4350,0,391.5,391.5,0,"NO","Local Detailed Cache"
1105,"2026-03-05","1025260573425","ZOHO Corporation Private Limited","33AAACZ4322M2Z9","3166667000015834385","PURCHASE BILL",2430.65,0,0,0,2430.65,437.52,0,0,0,"NO","Local Detailed Cache"
1106,"2026-03-05","26003822","BIZIVERSE PRIVATE LIMITED","24AAJCB1879L1ZA","3166667000015834427","PURCHASE BILL",6000,0,0,0,6000,0,540,540,0,"NO","Local Detailed Cache"
1107,"2026-03-05","DPMAR26068543","SBICAP SECURITIES LIMITED","24AAJCS3407M1Z7","3166667000015843156","PURCHASE BILL",63,0,0,0,63,0,5.67,5.67,0,"NO","Local Detailed Cache"
1108,"2026-03-06","ME/01414/25-26","RKMG ELECTRICALS PRIVATE LIMITED","24AAOCR7178R1Z9","3166667000014486170","PURCHASE BILL",9000,0,0,0,9000,0,810,810,0,"NO","Local Detailed Cache"
1109,"2026-03-06","9991/25-26","Zaral Electricals","24ACEPM6740R1Z3","3166667000014486312","PURCHASE BILL",39900,0,0,0,39900,0,3591,3591,0,"NO","Local Detailed Cache"
1110,"2026-03-06","P/3918/25-26","POWER LINE","24AAJPC1759K1ZP","3166667000014486409","PURCHASE BILL",48600,0,0,0,48600,0,4374,4374,0,"NO","Local Detailed Cache"
1111,"2026-03-06","SPPL25-26/6388","SHREE LIGHT POWER PVT LTD","24AAPCS4105G1ZH","3166667000014486468","PURCHASE BILL",257026.08,0,0.22,0,257026.3,0,23132.35,23132.35,0,"NO","Local Detailed Cache"
1112,"2026-03-06","SPPL25-26/6393","SHREE LIGHT POWER PVT LTD","24AAPCS4105G1ZH","3166667000014486842","PURCHASE BILL",20269.52,0,-0.04,0,20269.48,0,1824.26,1824.26,0,"NO","Local Detailed Cache"
1113,"2026-03-06","BE/3233/25-26","Bhatt Enterprise","24BCVPB8916Q1ZS","3166667000014486913","PURCHASE BILL",96500,0,0,0,96500,0,8685,8685,0,"NO","Local Detailed Cache"
1114,"2026-03-06","S360/2526/059","SOURCE 360 SCM SERVICES","24ADQPK5653E1ZG","3166667000014677153","PURCHASE BILL",10380,0,-0.4,0,10379.6,0,934.2,934.2,0,"NO","Local Detailed Cache"
1115,"2026-03-06","5447","Samarth & Champion Associates","24AEPFS5351B1Z3","3166667000014785278","PURCHASE BILL",2262,0,0,0,2262,0,203.58,203.58,0,"NO","Local Detailed Cache"
1116,"2026-03-06","622/25-26","GUNJA SALES","24ADMPM5410B1Z1","3166667000015843024","PURCHASE BILL",28350,0,0,0,28350,0,2551.5,2551.5,0,"NO","Local Detailed Cache"
1117,"2026-03-07","SPPL25-26/6412","SHREE LIGHT POWER PVT LTD","24AAPCS4105G1ZH","3166667000014555592","PURCHASE BILL",34575.84,0,-0.5,0,34575.34,0,3111.83,3111.83,0,"NO","Local Detailed Cache"
1118,"2026-03-07","SPPL25-26/6413","SHREE LIGHT POWER PVT LTD","24AAPCS4105G1ZH","3166667000014555705","PURCHASE BILL",54467,0,-0.06,0,54466.94,0,4902.03,4902.03,0,"NO","Local Detailed Cache"
1119,"2026-03-07","T/328","D K ENTERPRISE","24AJKPD3044L1ZC","3166667000014677291","PURCHASE BILL",14960,0,0.2,0,14960.2,0,1346.4,1346.4,0,"NO","Local Detailed Cache"
1120,"2026-03-07","25/26-1781","MYRX PHARMACY(GORWA)","","3166667000014677625","PURCHASE BILL",2000,0,0,0,2000,0,0,0,0,"NO","Local Detailed Cache"
1121,"2026-03-07","2154","CHAMUNDA HARDWARE AND TRADERS","24ALJPP8970A1ZZ","3166667000015834878","PURCHASE BILL",875,0,0.5,0,875.5,0,78.75,78.75,0,"NO","Local Detailed Cache"
1122,"2026-03-07","BRDW25260540","A R ELECTRO POWER PRIVATE LIMITED","24AAGCA8552L1ZE","3166667000014541888","PURCHASE BILL",1568335,12485,-0.3,0,1568334.7,0,141150.15,141150.15,0,"NO","Local Detailed Cache"
1123,"2026-03-07","BRDW25260539","A R ELECTRO POWER PRIVATE LIMITED","24AAGCA8552L1ZE","3166667000014541969","PURCHASE BILL",36043,0,0.26,0,36043.26,0,3243.87,3243.87,0,"NO","Local Detailed Cache"
1124,"2026-03-07","BRDC25260307","A.R.ENTERPRISE","24AJXPS2622L1ZM","3166667000014551068","PURCHASE BILL",306626,3097,0.32,0,306626.32,0,27596.34,27596.34,0,"NO","Local Detailed Cache"
1125,"2026-03-07","15403","Green Electricals Pvt. Ltd.","24AACCG4053A1ZB","3166667000014551408","PURCHASE BILL",86110,0,0.2,0,86110.2,0,7749.9,7749.9,0,"NO","Local Detailed Cache"
1126,"2026-03-07","15404","Green Electricals Pvt. Ltd.","24AACCG4053A1ZB","3166667000014551521","PURCHASE BILL",41636,0,-0.48,0,41635.52,0,3747.24,3747.24,0,"NO","Local Detailed Cache"
1127,"2026-03-08","0002","SAILESHKUMAR KHEMCHANDBHAI PANCHAL -BKP","","3166667000019087087","PURCHASE BILL",14000,0,0,0,14000,0,0,0,0,"NO","Local Detailed Cache"
1128,"2026-03-08","0002","PATEL SACHINKUMAR KANUBHAI BKP","","3166667000019087236","PURCHASE BILL",5000,0,0,0,5000,0,0,0,0,"NO","Local Detailed Cache"
1129,"2026-03-08","T-3997/25-26","URMI ELECTRICALS","24AIYPV0796Q1ZV","3166667000014889165","PURCHASE BILL",44050.25,0,-0.29,0,44049.96,0,3964.52,3964.52,0,"NO","Local Detailed Cache"
1130,"2026-03-08","T-4002/25-26","URMI ELECTRICALS","24AIYPV0796Q1ZV","3166667000014889320","PURCHASE BILL",359.4,0,-0.1,0,359.29999999999995,0,32.35,32.35,0,"NO","Local Detailed Cache"
1131,"2026-03-08","T-4000/25-26","URMI ELECTRICALS","24AIYPV0796Q1ZV","3166667000015525281","PURCHASE BILL",250,0,0,0,250,0,22.5,22.5,0,"NO","Local Detailed Cache"
1132,"2026-03-08","0001","SAILESHKUMAR KHEMCHANDBHAI PANCHAL -BKP","","3166667000019000963","PURCHASE BILL",15000,0,0,0,15000,0,0,0,0,"NO","Local Detailed Cache"
1133,"2026-03-08","0001","PATEL SACHINKUMAR KANUBHAI BKP","","3166667000019087197","PURCHASE BILL",35000,0,0,0,35000,0,0,0,0,"NO","Local Detailed Cache"
1134,"2026-03-09","154/25-26","WEST-COAST RENTALS","24AABFW6467A1ZC","3166667000014677495","PURCHASE BILL",4000,0,0,0,4000,0,360,360,0,"NO","Local Detailed Cache"
1135,"2026-03-09","157/25-26","WEST-COAST RENTALS","24AABFW6467A1ZC","3166667000014677543","PURCHASE BILL",18000,0,0,0,18000,0,1620,1620,0,"NO","Local Detailed Cache"
1136,"2026-03-09","GST-04637/25-26","Shree Laxmi Industrial Electric","24FIBPP9779R1Z0","3166667000014785332","PURCHASE BILL",53587.4,0,-0.14,0,53587.26,0,4822.87,4822.87,0,"NO","Local Detailed Cache"
1137,"2026-03-09","GST-04631/25-26","Shree Laxmi Industrial Electric","24FIBPP9779R1Z0","3166667000014871315","PURCHASE BILL",12635.25,0,0.41,0,12635.66,0,1137.17,1137.17,0,"NO","Local Detailed Cache"
1138,"2026-03-10","MP-1140/25-26","GOLDEN CABLE CORPORATION","24AALFG4879J1ZV","3166667000014677416","PURCHASE BILL",1747.15,0,0.37,0,1747.52,0,157.24,157.24,0,"NO","Local Detailed Cache"
1139,"2026-03-10","SPPL25-26/6436","SHREE LIGHT POWER PVT LTD","24AAPCS4105G1ZH","3166667000014693017","PURCHASE BILL",15379.66,0,0,0,15379.66,0,1384.17,1384.17,0,"NO","Local Detailed Cache"
1140,"2026-03-10","IE/25-26/844","INFLUX ELECTRIC  CO.","24AAXPO9200H1ZE","3166667000015834619","PURCHASE BILL",1779.7,0,-0.04,0,1779.66,0,160.17,160.17,0,"NO","Local Detailed Cache"
1141,"2026-03-11","146","TAXALT ENGINEERING AND CONSTRUCTION","24ALQPP8208G1ZT","3166667000014652005","PURCHASE BILL",31428,0,0,0,31428,0,2828.52,2828.52,0,"NO","Local Detailed Cache"
1142,"2026-03-11","T-4017/25-26","URMI ELECTRICALS","24AIYPV0796Q1ZV","3166667000015525329","PURCHASE BILL",1252,0,-0.36,0,1251.64,0,112.68,112.68,0,"NO","Local Detailed Cache"
1143,"2026-03-13","150","TAXALT ENGINEERING AND CONSTRUCTION","24ALQPP8208G1ZT","3166667000014805001","PURCHASE BILL",11598.14,0,0.2,0,11598.34,0,1043.83,1043.83,0,"NO","Local Detailed Cache"
1144,"2026-03-13","T-4058/25-26","URMI ELECTRICALS","24AIYPV0796Q1ZV","3166667000015525229","PURCHASE BILL",220,0,0.4,0,220.4,0,19.8,19.8,0,"NO","Local Detailed Cache"
1145,"2026-03-13","RT/25-26/0228","ROUTE TECHNOLOGIES","24AAXFR6788B1ZL","3166667000015834980","PURCHASE BILL",28006,0,-0.08,0,28005.92,0,2520.54,2520.54,0,"NO","Local Detailed Cache"
1146,"2026-03-14","IA244940978","Go Digit General Insurance Limited","24AACCO4128Q1Z6","3166667000015071876","PURCHASE BILL",505.44,0,-0.42,0,505.02,0,45.49,45.49,0,"NO","Local Detailed Cache"
1147,"2026-03-14","PPI2607669920610","HDFC BANK LIMITED - MAHARASTRA","27AAACH2702H5ZW","3166667000015843068","PURCHASE BILL",21,0,0,0,21,3.78,0,0,0,"NO","Local Detailed Cache"
1148,"2026-03-14","IN/25-26/12913","SHREEJI ELECTRO POWER PRIVATE LIMITED","24ABFCS6162A1ZO","3166667000014830196","PURCHASE BILL",17688.84,0,0.16,0,17689,0,1592,1592,0,"NO","Local Detailed Cache"
1149,"2026-03-16","BRDW25260561","A R ELECTRO POWER PRIVATE LIMITED","24AAGCA8552L1ZE","3166667000015057657","PURCHASE BILL",539906,0,-0.08,0,539905.92,0,48591.54,48591.54,0,"NO","Local Detailed Cache"
1150,"2026-03-16","233/26-27","HARI OM ENTERPRISES","24AKTPT9823D1ZN","3166667000015058536","PURCHASE BILL",10500,0,0,0,10500,0,945,945,0,"NO","Local Detailed Cache"
1151,"2026-03-16","T-4092/25-26","URMI ELECTRICALS","24AIYPV0796Q1ZV","3166667000015525457","PURCHASE BILL",22783.6,0,0.36,0,22783.96,0,2050.52,2050.52,0,"NO","Local Detailed Cache"
1152,"2026-03-17","152","TAXALT ENGINEERING AND CONSTRUCTION","24ALQPP8208G1ZT","3166667000014915786","PURCHASE BILL",78405.1,0,-0.05,0,78405.05,0,7056.46,7056.46,0,"NO","Local Detailed Cache"
1153,"2026-03-18","GST25/6067","SMIT ENTERPRISE","24ADCFS9866P1Z5","3166667000015058161","PURCHASE BILL",66250,0,0,0,66250,0,5962.5,5962.5,0,"NO","Local Detailed Cache"
1154,"2026-03-18","127","Sai Electrical Services","24BTUPM8377E1Z1","3166667000015207235","PURCHASE BILL",60000,0,0,0,60000,0,5400,5400,0,"NO","Local Detailed Cache"
1155,"2026-03-18","126","Sai Electrical Services","24BTUPM8377E1Z1","3166667000015207287","PURCHASE BILL",60000,0,0,0,60000,0,5400,5400,0,"NO","Local Detailed Cache"
1156,"2026-03-18","T-4109/25-26","URMI ELECTRICALS","24AIYPV0796Q1ZV","3166667000015525403","PURCHASE BILL",1705,0,0.1,0,1705.1,0,153.45,153.45,0,"NO","Local Detailed Cache"
1157,"2026-03-18","2025-2026/0008","Deep Electrical","","3166667000019476391","PURCHASE BILL",21390,0,0,0,21390,0,0,0,0,"NO","Local Detailed Cache"
1158,"2026-03-19","SPPL25-26/6629","SHREE LIGHT POWER PVT LTD","24AAPCS4105G1ZH","3166667000014945031","PURCHASE BILL",33358.89,0,-0.49,0,33358.4,0,3002.3,3002.3,0,"NO","Local Detailed Cache"
1159,"2026-03-19","T/342","D K ENTERPRISE","24AJKPD3044L1ZC","3166667000015058256","PURCHASE BILL",29870,0,0.4,0,29870.4,0,2688.3,2688.3,0,"NO","Local Detailed Cache"
1160,"2026-03-20","1025260603742","ZOHO Corporation Private Limited","33AAACZ4322M2Z9","3166667000015058059","PURCHASE BILL",150.97,0,0,0,150.97,27.17,0,0,0,"NO","Local Detailed Cache"
1161,"2026-03-20","BRDC25260327","A.R.ENTERPRISE","24AJXPS2622L1ZM","3166667000015545083","PURCHASE BILL",190107.92,0,-0.44,0,190107.48,0,17109.71,17109.71,0,"NO","Local Detailed Cache"
1162,"2026-03-21","157","TAXALT ENGINEERING AND CONSTRUCTION","24ALQPP8208G1ZT","3166667000014975069","PURCHASE BILL",699927.31,0,-0.23,0,699927.0800000001,0,62993.46,62993.46,0,"NO","Local Detailed Cache"
1163,"2026-03-21","SPPL25-26/6698","SHREE LIGHT POWER PVT LTD","24AAPCS4105G1ZH","3166667000015843110","PURCHASE BILL",583.84,0,0,0,583.84,0,52.55,52.55,0,"NO","Local Detailed Cache"
1164,"2026-03-23","EES/25-26/81","EVERGREEN ELECTRICAL SERVICES","24GHTPP9763H1ZD","3166667000015017062","PURCHASE BILL",216600,0,0,0,216600,0,19494,19494,0,"NO","Local Detailed Cache"
1165,"2026-03-23","NCB2608382778918","HDFC Bank Ltd","24AAACH2702H1Z6","3166667000015834810","PURCHASE BILL",46440,0,0,0,46440,0,4179.6,4179.6,0,"NO","Local Detailed Cache"
1166,"2026-03-24","IN/25-26/13252","SHREEJI ELECTRO POWER PRIVATE LIMITED","24ABFCS6162A1ZO","3166667000015811346","PURCHASE BILL",47475.66,0,-0.28,0,47475.380000000005,0,4272.81,4272.81,0,"NO","Local Detailed Cache"
1167,"2026-03-25","GST-3919/25-26","JAY  SALES  CORPORATION","24ACUPP3547M1ZV","3166667000015491922","PURCHASE BILL",14560,0,0.2,0,14560.2,0,1310.4,1310.4,0,"NO","Local Detailed Cache"
1168,"2026-03-25","2025-26/010","MR. SANJAYKUMAR F RATHOD","","3166667000019887250","PURCHASE BILL",150000,0,0,0,150000,0,0,0,0,"NO","Local Detailed Cache"
1169,"2026-03-26","GST-3932/25-26","JAY  SALES  CORPORATION","24ACUPP3547M1ZV","3166667000015075183","PURCHASE BILL",11460,0,0.2,0,11460.2,0,1031.4,1031.4,0,"NO","Local Detailed Cache"
1170,"2026-03-26","SPPL25-26/6809","SHREE LIGHT POWER PVT LTD","24AAPCS4105G1ZH","3166667000015093279","PURCHASE BILL",3458.13,0,0.41,0,3458.54,0,311.23,311.23,0,"NO","Local Detailed Cache"
1171,"2026-03-26","AA2460000266","SCHNEIDER ELECTRIC INDIA PVT.LTD. - GJ","24AABCS1624G1ZT","3166667000015127712","PURCHASE BILL",45118.22,0,0,0,45118.22,0,4060.64,4060.64,0,"NO","Local Detailed Cache"
1172,"2026-03-26","AA2460000265","SCHNEIDER ELECTRIC INDIA PVT.LTD. - GJ","24AABCS1624G1ZT","3166667000015127853","PURCHASE BILL",641534,0,0,0,641534,0,57738.06,57738.06,0,"NO","Local Detailed Cache"
1173,"2026-03-26","36","GURUKRUPA","","3166667000015500441","PURCHASE BILL",10000,0,0,0,10000,0,0,0,0,"NO","Local Detailed Cache"
1174,"2026-03-27","162","TAXALT ENGINEERING AND CONSTRUCTION","24ALQPP8208G1ZT","3166667000015127565","PURCHASE BILL",115046.4,0,0.24,0,115046.64,0,10354.18,10354.18,0,"NO","Local Detailed Cache"
1175,"2026-03-27","VAK26SI-0019624","VIJAY SALES","24AAHCV3778L1ZQ","3166667000015127793","PURCHASE BILL",73296.64,0,-0.04,0,73296.6,0,6596.7,6596.7,0,"NO","Local Detailed Cache"
1176,"2026-03-27","BE019/25-26","BHAVYADIP ELECTRO PANEL PRIVATE LIMITED","24AAOCB1004C1ZF","3166667000015135019","PURCHASE BILL",29000,0,0,0,29000,0,2610,2610,0,"NO","Local Detailed Cache"
1177,"2026-03-28","IE/25-26/935","INFLUX ELECTRIC  CO.","24AAXPO9200H1ZE","3166667000015156247","PURCHASE BILL",12335.7,0,-0.12,0,12335.58,0,1110.21,1110.21,0,"NO","Local Detailed Cache"
1178,"2026-03-28","00002","Minaxi Consulting","","3166667000016100001","PURCHASE BILL",500000,0,0,0,500000,0,0,0,0,"NO","Local Detailed Cache"
1179,"2026-03-28","00013","Komal Enterprises","","3166667000016100115","PURCHASE BILL",475000,0,0,0,475000,0,0,0,0,"NO","Local Detailed Cache"
1180,"2026-03-29","133","Sai Electrical Services","24BTUPM8377E1Z1","3166667000015156382","PURCHASE BILL",15900,0,0,0,15900,0,1431,1431,0,"NO","Local Detailed Cache"
1181,"2026-03-30","012/25-26","KRISHNA ELECTRICAL","24HIVPK7464J1ZD","3166667000015418435","PURCHASE BILL",1400000,0,0,0,1400000,0,126000,126000,0,"NO","Local Detailed Cache"
1182,"2026-03-30","015/25-26","KRISHNA ELECTRICAL","24HIVPK7464J1ZD","3166667000015418487","PURCHASE BILL",350000,0,0,0,350000,0,31500,31500,0,"NO","Local Detailed Cache"
1183,"2026-03-30","013/25-26","KRISHNA ELECTRICAL","24HIVPK7464J1ZD","3166667000015418539","PURCHASE BILL",1000000,0,0,0,1000000,0,90000,90000,0,"NO","Local Detailed Cache"
1184,"2026-03-30","014/25-26","KRISHNA ELECTRICAL","24HIVPK7464J1ZD","3166667000015418591","PURCHASE BILL",700000,0,0,0,700000,0,63000,63000,0,"NO","Local Detailed Cache"
1185,"2026-03-30","016/25-26","KRISHNA ELECTRICAL","24HIVPK7464J1ZD","3166667000015418643","PURCHASE BILL",55000,0,0,0,55000,0,4950,4950,0,"NO","Local Detailed Cache"
1186,"2026-03-30","1025260623100","ZOHO Corporation Private Limited","33AAACZ4322M2Z9","3166667000015525149","PURCHASE BILL",27351.35,0,0,0,27351.35,4923.24,0,0,0,"NO","Local Detailed Cache"
1187,"2026-03-30","10788/25-26","Zaral Electricals","24ACEPM6740R1Z3","3166667000015693599","PURCHASE BILL",19200,0,0,0,19200,0,1728,1728,0,"NO","Local Detailed Cache"
1188,"2026-03-31","1025260624366","ZOHO Corporation Private Limited","33AAACZ4322M2Z9","3166667000015500534","PURCHASE BILL",9600,0,0,0,9600,1728,0,0,0,"NO","Local Detailed Cache"
1189,"2026-03-31","2025/26/013","MR .ATIT KIRITBHAI SHAH","","3166667000015525013","PURCHASE BILL",44500,0,0,0,44500,0,0,0,0,"NO","Local Detailed Cache"
1190,"2026-03-31","2025/26/009","MR. SANJAYKUMAR F RATHOD","","3166667000015525059","PURCHASE BILL",23077,0,0,0,23077,0,0,0,0,"NO","Local Detailed Cache"
1191,"2026-03-31","1025260624354","ZOHO Corporation Private Limited","33AAACZ4322M2Z9","3166667000015525105","PURCHASE BILL",9422.58,0,0,0,9422.58,1696.06,0,0,0,"NO","Local Detailed Cache"
1192,"2026-03-31","KRA/25-26/122","KEVALRANG AGENCY","24CKRPP8516R1Z2","3166667000015809860","PURCHASE BILL",47800,0,0.2,0,47800.2,0,3857.4,3857.4,0,"NO","Local Detailed Cache"
1193,"2026-03-31","INVMAR26111469","SBICAP SECURITIES LIMITED","24AAJCS3407M1Z7","3166667000015843222","PURCHASE BILL",1020.43,0,0,0,1020.43,0,91.84,91.84,0,"NO","Local Detailed Cache"
1194,"2026-03-31","2025/26/14","MR .ATIT KIRITBHAI SHAH","","3166667000016521001","PURCHASE BILL",200000,0,0,0,200000,0,0,0,0,"NO","Local Detailed Cache"
